Data,Valoare EUR (lei),Variatie (lei),Variatie (%)
4 Mart. 2026,5.0959,-0.0022,-0.04%
3 Mart. 2026,5.0981,0.0009,0.02%
2 Mart. 2026,5.0972,0.0019,0.04%
27 Feb. 2026,5.0953,-0.0002,0.00%
26 Feb. 2026,5.0955,0.0002,0.00%
25 Feb. 2026,5.0953,-0.0001,0.00%
24 Feb. 2026,5.0954,-0.0014,-0.03%
23 Feb. 2026,5.0968,-0.0006,-0.01%
20 Feb. 2026,5.0974,0.0018,0.04%
19 Feb. 2026,5.0956,0.0015,0.03%
18 Feb. 2026,5.0941,-0.0024,-0.05%
17 Feb. 2026,5.0965,0.0012,0.02%
16 Feb. 2026,5.0953,0.001,0.02%
13 Feb. 2026,5.0943,0.0009,0.02%
12 Feb. 2026,5.0934,0.002,0.04%
11 Feb. 2026,5.0914,0.0004,0.01%
10 Feb. 2026,5.091,-0.0024,-0.05%
9 Feb. 2026,5.0934,0.0011,0.02%
6 Feb. 2026,5.0923,-0.0022,-0.04%
5 Feb. 2026,5.0945,0.0002,0.00%
4 Feb. 2026,5.0943,-0.0007,-0.01%
3 Feb. 2026,5.095,-0.0009,-0.02%
2 Feb. 2026,5.0959,-0.0002,0.00%
30 Ian. 2026,5.0961,0.0004,0.01%
29 Ian. 2026,5.0957,-0.0003,-0.01%
28 Ian. 2026,5.096,0.0001,0.00%
27 Ian. 2026,5.0959,-0.0001,0.00%
26 Ian. 2026,5.096,0.0017,0.03%
23 Ian. 2026,5.0943,0.0007,0.01%
22 Ian. 2026,5.0936,-0.0025,-0.05%
21 Ian. 2026,5.0961,0.0032,0.06%
20 Ian. 2026,5.0929,0.0008,0.02%
19 Ian. 2026,5.0921,0.0027,0.05%
16 Ian. 2026,5.0894,0.0003,0.01%
15 Ian. 2026,5.0891,-0.0006,-0.01%
14 Ian. 2026,5.0897,0.0001,0.00%
13 Ian. 2026,5.0896,0,0%
12 Ian. 2026,5.0896,0.0009,0.02%
9 Ian. 2026,5.0887,0.0016,0.03%
8 Ian. 2026,5.0871,-0.0034,-0.07%
5 Ian. 2026,5.0905,-0.008,-0.16%
31 Dec. 2025,5.0985,0.0022,0.04%
30 Dec. 2025,5.0963,0.0043,0.08%
29 Dec. 2025,5.092,0.003,0.06%
24 Dec. 2025,5.089,-0.0018,-0.04%
23 Dec. 2025,5.0908,0.0027,0.05%
22 Dec. 2025,5.0881,-0.0015,-0.03%
19 Dec. 2025,5.0896,-0.0015,-0.03%
18 Dec. 2025,5.0911,-0.0012,-0.02%
17 Dec. 2025,5.0923,0.0003,0.01%
16 Dec. 2025,5.092,0.0006,0.01%
15 Dec. 2025,5.0914,0.001,0.02%
12 Dec. 2025,5.0904,0.0006,0.01%
11 Dec. 2025,5.0898,0.0004,0.01%
10 Dec. 2025,5.0894,-0.0003,-0.01%
9 Dec. 2025,5.0897,-0.0002,0.00%
8 Dec. 2025,5.0899,-0.002,-0.04%
5 Dec. 2025,5.0919,-0.0001,0.00%
4 Dec. 2025,5.092,0.001,0.02%
3 Dec. 2025,5.091,0.0017,0.03%
2 Dec. 2025,5.0893,-0.0013,-0.03%
28 Nov. 2025,5.0906,0.0005,0.01%
27 Nov. 2025,5.0901,-0.0002,0.00%
26 Nov. 2025,5.0903,0.0013,0.03%
25 Nov. 2025,5.089,0.0019,0.04%
24 Nov. 2025,5.0871,-0.002,-0.04%
21 Nov. 2025,5.0891,0.0002,0.00%
20 Nov. 2025,5.0889,0,0%
19 Nov. 2025,5.0889,0.003,0.06%
18 Nov. 2025,5.0859,0.0015,0.03%
17 Nov. 2025,5.0844,-0.0003,-0.01%
14 Nov. 2025,5.0847,0.0008,0.02%
13 Nov. 2025,5.0839,-0.0007,-0.01%
12 Nov. 2025,5.0846,0.0001,0.00%
11 Nov. 2025,5.0845,-0.0009,-0.02%
10 Nov. 2025,5.0854,-0.0006,-0.01%
7 Nov. 2025,5.086,0.0015,0.03%
6 Nov. 2025,5.0845,-0.0006,-0.01%
5 Nov. 2025,5.0851,-0.0014,-0.03%
4 Nov. 2025,5.0865,0.0004,0.01%
3 Nov. 2025,5.0861,0.001,0.02%
31 Oct. 2025,5.0851,-0.0005,-0.01%
30 Oct. 2025,5.0856,0.0027,0.05%
29 Oct. 2025,5.0829,-0.0015,-0.03%
28 Oct. 2025,5.0844,-0.0004,-0.01%
27 Oct. 2025,5.0848,0.0013,0.03%
24 Oct. 2025,5.0835,0.0012,0.02%
23 Oct. 2025,5.0823,-0.0008,-0.02%
22 Oct. 2025,5.0831,-0.0001,0.00%
21 Oct. 2025,5.0832,-0.0058,-0.11%
20 Oct. 2025,5.089,0.0001,0.00%
17 Oct. 2025,5.0889,0.0005,0.01%
16 Oct. 2025,5.0884,-0.0001,0.00%
15 Oct. 2025,5.0885,0.0006,0.01%
14 Oct. 2025,5.0879,-0.0024,-0.05%
13 Oct. 2025,5.0903,-0.0024,-0.05%
10 Oct. 2025,5.0927,-0.0026,-0.05%
9 Oct. 2025,5.0953,-0.001,-0.02%
8 Oct. 2025,5.0963,0.0047,0.09%
7 Oct. 2025,5.0916,0.003,0.06%
6 Oct. 2025,5.0886,-0.0003,-0.01%
3 Oct. 2025,5.0889,0.0052,0.10%
2 Oct. 2025,5.0837,0.0017,0.03%
1 Oct. 2025,5.082,0.0009,0.02%
30 Sept. 2025,5.0811,0.0028,0.06%
29 Sept. 2025,5.0783,0.0011,0.02%
26 Sept. 2025,5.0772,0.0018,0.04%
25 Sept. 2025,5.0754,-0.003,-0.06%
24 Sept. 2025,5.0784,0.001,0.02%
23 Sept. 2025,5.0774,0.0021,0.04%
22 Sept. 2025,5.0753,0.0034,0.07%
19 Sept. 2025,5.0719,0.0024,0.05%
18 Sept. 2025,5.0695,0.0025,0.05%
17 Sept. 2025,5.067,0.0036,0.07%
16 Sept. 2025,5.0634,0.0002,0.00%
15 Sept. 2025,5.0632,-0.0062,-0.12%
12 Sept. 2025,5.0694,-0.0013,-0.03%
11 Sept. 2025,5.0707,-0.0026,-0.05%
10 Sept. 2025,5.0733,-0.0004,-0.01%
9 Sept. 2025,5.0737,0.0021,0.04%
8 Sept. 2025,5.0716,-0.0071,-0.14%
5 Sept. 2025,5.0787,0.0015,0.03%
4 Sept. 2025,5.0772,-0.0007,-0.01%
3 Sept. 2025,5.0779,-0.0002,0.00%
2 Sept. 2025,5.0781,0.0056,0.11%
1 Sept. 2025,5.0725,0.0003,0.01%
29 Aug. 2025,5.0722,0.005,0.10%
28 Aug. 2025,5.0672,0.0043,0.08%
27 Aug. 2025,5.0629,0.0077,0.15%
26 Aug. 2025,5.0552,0.0013,0.03%
25 Aug. 2025,5.0539,-0.0006,-0.01%
22 Aug. 2025,5.0545,-0.0033,-0.07%
21 Aug. 2025,5.0578,-0.0033,-0.07%
20 Aug. 2025,5.0611,0.0038,0.08%
19 Aug. 2025,5.0573,-0.0015,-0.03%
18 Aug. 2025,5.0588,-0.004,-0.08%
14 Aug. 2025,5.0628,-0.0005,-0.01%
13 Aug. 2025,5.0633,-0.005,-0.10%
12 Aug. 2025,5.0683,0.0007,0.01%
11 Aug. 2025,5.0676,-0.0035,-0.07%
8 Aug. 2025,5.0711,-0.0025,-0.05%
7 Aug. 2025,5.0736,-0.0011,-0.02%
6 Aug. 2025,5.0747,-0.0002,0.00%
5 Aug. 2025,5.0749,0.0007,0.01%
4 Aug. 2025,5.0742,-0.0028,-0.06%
1 Aug. 2025,5.077,0.0006,0.01%
31 Iul. 2025,5.0764,-0.0006,-0.01%
30 Iul. 2025,5.077,0.0019,0.04%
29 Iul. 2025,5.0751,0.0047,0.09%
28 Iul. 2025,5.0704,-0.0004,-0.01%
25 Iul. 2025,5.0708,0.0016,0.03%
24 Iul. 2025,5.0692,-0.0001,0.00%
23 Iul. 2025,5.0693,-0.0012,-0.02%
22 Iul. 2025,5.0705,0.0002,0.00%
21 Iul. 2025,5.0703,-0.0033,-0.07%
18 Iul. 2025,5.0736,0.0012,0.02%
17 Iul. 2025,5.0724,0.0002,0.00%
16 Iul. 2025,5.0722,-0.0076,-0.15%
15 Iul. 2025,5.0798,0.0003,0.01%
14 Iul. 2025,5.0795,-0.0015,-0.03%
11 Iul. 2025,5.081,0.0036,0.07%
10 Iul. 2025,5.0774,0.0015,0.03%
9 Iul. 2025,5.0759,0.0082,0.16%
8 Iul. 2025,5.0677,0.0032,0.06%
7 Iul. 2025,5.0645,0.0045,0.09%
4 Iul. 2025,5.06,-0.0003,-0.01%
3 Iul. 2025,5.0603,-0.0062,-0.12%
2 Iul. 2025,5.0665,-0.0107,-0.21%
1 Iul. 2025,5.0772,-0.0005,-0.01%
30 Iun. 2025,5.0777,-0.0003,-0.01%
27 Iun. 2025,5.078,0.0063,0.12%
26 Iun. 2025,5.0717,0.0179,0.35%
25 Iun. 2025,5.0538,0.0016,0.03%
24 Iun. 2025,5.0522,0.0069,0.14%
23 Iun. 2025,5.0453,-0.0019,-0.04%
20 Iun. 2025,5.0472,0.0155,0.31%
19 Iun. 2025,5.0317,-0.0008,-0.02%
18 Iun. 2025,5.0325,0.0062,0.12%
17 Iun. 2025,5.0263,-0.0027,-0.05%
16 Iun. 2025,5.029,-0.003,-0.06%
13 Iun. 2025,5.032,0.0029,0.06%
12 Iun. 2025,5.0291,0.004,0.08%
11 Iun. 2025,5.0251,-0.0115,-0.23%
10 Iun. 2025,5.0366,-0.0056,-0.11%
6 Iun. 2025,5.0422,-0.0115,-0.23%
5 Iun. 2025,5.0537,-0.0021,-0.04%
4 Iun. 2025,5.0558,-0.0029,-0.06%
3 Iun. 2025,5.0587,0.0015,0.03%
2 Iun. 2025,5.0572,-0.0067,-0.13%
30 Mai 2025,5.0639,-0.0028,-0.06%
29 Mai 2025,5.0667,0.0114,0.23%
28 Mai 2025,5.0553,-0.0072,-0.14%
27 Mai 2025,5.0625,0.0013,0.03%
26 Mai 2025,5.0612,0.0062,0.12%
23 Mai 2025,5.055,-0.0014,-0.03%
22 Mai 2025,5.0564,-0.0166,-0.33%
21 Mai 2025,5.073,-0.0118,-0.23%
20 Mai 2025,5.0848,0.0533,1.06%
19 Mai 2025,5.0315,-0.0718,-1.41%
16 Mai 2025,5.1033,0.0001,0.00%
15 Mai 2025,5.1032,-0.0004,-0.01%
14 Mai 2025,5.1036,0.0045,0.09%
13 Mai 2025,5.0991,-0.0002,0.00%
12 Mai 2025,5.0993,-0.0172,-0.34%
9 Mai 2025,5.1165,-0.0057,-0.11%
8 Mai 2025,5.1222,0.0231,0.45%
7 Mai 2025,5.0991,0.0613,1.22%
6 Mai 2025,5.0378,0.0603,1.21%
5 Mai 2025,4.9775,0.0002,0.00%
2 Mai 2025,4.9773,-0.0002,0.00%
30 Apr. 2025,4.9775,0.0001,0.00%
29 Apr. 2025,4.9774,-0.0001,0.00%
28 Apr. 2025,4.9775,0.0001,0.00%
25 Apr. 2025,4.9774,0.0002,0.00%
24 Apr. 2025,4.9772,-0.0003,-0.01%
23 Apr. 2025,4.9775,0.0001,0.00%
22 Apr. 2025,4.9774,0.0001,0.00%
17 Apr. 2025,4.9773,-0.0002,0.00%
16 Apr. 2025,4.9775,0.0001,0.00%
15 Apr. 2025,4.9774,-0.0001,0.00%
14 Apr. 2025,4.9775,0.0001,0.00%
11 Apr. 2025,4.9774,0.0002,0.00%
10 Apr. 2025,4.9772,-0.0003,-0.01%
9 Apr. 2025,4.9775,0.0003,0.01%
8 Apr. 2025,4.9772,-0.0002,0.00%
7 Apr. 2025,4.9774,0.0004,0.01%
4 Apr. 2025,4.977,-0.0002,0.00%
3 Apr. 2025,4.9772,-0.0002,0.00%
2 Apr. 2025,4.9774,0.0004,0.01%
1 Apr. 2025,4.977,-0.0001,0.00%
31 Mart. 2025,4.9771,-0.0002,0.00%
28 Mart. 2025,4.9773,0.0001,0.00%
27 Mart. 2025,4.9772,0.0011,0.02%
26 Mart. 2025,4.9761,0.0007,0.01%
25 Mart. 2025,4.9754,-0.0012,-0.02%
24 Mart. 2025,4.9766,-0.0004,-0.01%
21 Mart. 2025,4.977,0.0002,0.00%
20 Mart. 2025,4.9768,-0.0001,0.00%
19 Mart. 2025,4.9769,-0.0005,-0.01%
18 Mart. 2025,4.9774,0.0001,0.00%
17 Mart. 2025,4.9773,0.0005,0.01%
14 Mart. 2025,4.9768,-0.0002,0.00%
13 Mart. 2025,4.977,-0.0001,0.00%
12 Mart. 2025,4.9771,-0.0001,0.00%
11 Mart. 2025,4.9772,0.0006,0.01%
10 Mart. 2025,4.9766,0.001,0.02%
7 Mart. 2025,4.9756,-0.0004,-0.01%
6 Mart. 2025,4.976,-0.001,-0.02%
5 Mart. 2025,4.977,0.0001,0.00%
4 Mart. 2025,4.9769,-0.0005,-0.01%
3 Mart. 2025,4.9774,0.0009,0.02%
28 Feb. 2025,4.9765,-0.0008,-0.02%
27 Feb. 2025,4.9773,-0.0001,0.00%
26 Feb. 2025,4.9774,0.0001,0.00%
25 Feb. 2025,4.9773,0.0003,0.01%
24 Feb. 2025,4.977,-0.0003,-0.01%
21 Feb. 2025,4.9773,0,0%
20 Feb. 2025,4.9773,0.0001,0.00%
19 Feb. 2025,4.9772,0.0001,0.00%
18 Feb. 2025,4.9771,0.0001,0.00%
17 Feb. 2025,4.977,-0.0001,0.00%
14 Feb. 2025,4.9771,-0.0002,0.00%
13 Feb. 2025,4.9773,0.0003,0.01%
12 Feb. 2025,4.977,-0.0001,0.00%
11 Feb. 2025,4.9771,0.0006,0.01%
10 Feb. 2025,4.9765,-0.0002,0.00%
7 Feb. 2025,4.9767,0.0003,0.01%
6 Feb. 2025,4.9764,-0.0002,0.00%
5 Feb. 2025,4.9766,-0.0003,-0.01%
4 Feb. 2025,4.9769,0.0003,0.01%
3 Feb. 2025,4.9766,-0.0001,0.00%
31 Ian. 2025,4.9767,0.0006,0.01%
30 Ian. 2025,4.9761,0.0002,0.00%
29 Ian. 2025,4.9759,0.0011,0.02%
28 Ian. 2025,4.9748,-0.0008,-0.02%
27 Ian. 2025,4.9756,-0.0007,-0.01%
23 Ian. 2025,4.9763,-0.0005,-0.01%
22 Ian. 2025,4.9768,0.0004,0.01%
21 Ian. 2025,4.9764,-0.0001,0.00%
20 Ian. 2025,4.9765,0.0006,0.01%
17 Ian. 2025,4.9759,0.001,0.02%
16 Ian. 2025,4.9749,-0.0001,0.00%
15 Ian. 2025,4.975,0.0008,0.02%
14 Ian. 2025,4.9742,0.0011,0.02%
13 Ian. 2025,4.9731,0.0003,0.01%
10 Ian. 2025,4.9728,-0.0008,-0.02%
9 Ian. 2025,4.9736,-0.0002,0.00%
8 Ian. 2025,4.9738,-0.0011,-0.02%
3 Ian. 2025,4.9749,0.0008,0.02%
31 Dec. 2024,4.9741,-0.0023,-0.05%
30 Dec. 2024,4.9764,-0.0001,0.00%
27 Dec. 2024,4.9765,0.0017,0.03%
24 Dec. 2024,4.9748,-0.0011,-0.02%
23 Dec. 2024,4.9759,-0.0005,-0.01%
20 Dec. 2024,4.9764,0.0015,0.03%
19 Dec. 2024,4.9749,-0.0006,-0.01%
18 Dec. 2024,4.9755,-0.0001,0.00%
17 Dec. 2024,4.9756,-0.0003,-0.01%
16 Dec. 2024,4.9759,0.0027,0.05%
13 Dec. 2024,4.9732,0.0024,0.05%
12 Dec. 2024,4.9708,0.0024,0.05%
11 Dec. 2024,4.9684,-0.0025,-0.05%
10 Dec. 2024,4.9709,-0.0008,-0.02%
9 Dec. 2024,4.9717,-0.0056,-0.11%
6 Dec. 2024,4.9773,0.0002,0.00%
5 Dec. 2024,4.9771,0.0001,0.00%
4 Dec. 2024,4.977,0,0%
3 Dec. 2024,4.977,0.0001,0.00%
2 Dec. 2024,4.9769,-0.0002,0.00%
29 Nov. 2024,4.9771,0.0002,0.00%
28 Nov. 2024,4.9769,0.0004,0.01%
27 Nov. 2024,4.9765,-0.0003,-0.01%
26 Nov. 2024,4.9768,0.0001,0.00%
25 Nov. 2024,4.9767,0.0008,0.02%
22 Nov. 2024,4.9759,-0.0007,-0.01%
21 Nov. 2024,4.9766,0.0004,0.01%
20 Nov. 2024,4.9762,-0.0007,-0.01%
19 Nov. 2024,4.9769,0.0005,0.01%
18 Nov. 2024,4.9764,-0.0001,0.00%
15 Nov. 2024,4.9765,0.0006,0.01%
14 Nov. 2024,4.9759,-0.0005,-0.01%
13 Nov. 2024,4.9764,0.0003,0.01%
12 Nov. 2024,4.9761,0.0012,0.02%
11 Nov. 2024,4.9749,-0.0001,0.00%
8 Nov. 2024,4.975,-0.0007,-0.01%
7 Nov. 2024,4.9757,0.0002,0.00%
6 Nov. 2024,4.9755,0.0005,0.01%
5 Nov. 2024,4.975,0.0002,0.00%
4 Nov. 2024,4.9748,0.0001,0.00%
1 Nov. 2024,4.9747,0.0002,0.00%
31 Oct. 2024,4.9745,-0.0001,0.00%
30 Oct. 2024,4.9746,-0.0001,0.00%
29 Oct. 2024,4.9747,0.0012,0.02%
28 Oct. 2024,4.9735,0.0003,0.01%
25 Oct. 2024,4.9732,-0.0001,0.00%
24 Oct. 2024,4.9733,-0.0002,0.00%
23 Oct. 2024,4.9735,0.0004,0.01%
22 Oct. 2024,4.9731,0.0009,0.02%
21 Oct. 2024,4.9722,-0.0002,0.00%
18 Oct. 2024,4.9724,0.0004,0.01%
17 Oct. 2024,4.972,-0.0038,-0.08%
16 Oct. 2024,4.9758,0.0003,0.01%
15 Oct. 2024,4.9755,0.0011,0.02%
14 Oct. 2024,4.9744,-0.0008,-0.02%
11 Oct. 2024,4.9752,-0.0007,-0.01%
10 Oct. 2024,4.9759,-0.0004,-0.01%
9 Oct. 2024,4.9763,-0.0008,-0.02%
8 Oct. 2024,4.9771,0.0001,0.00%
7 Oct. 2024,4.977,0.0004,0.01%
4 Oct. 2024,4.9766,0.0003,0.01%
3 Oct. 2024,4.9763,-0.0001,0.00%
2 Oct. 2024,4.9764,0.0006,0.01%
1 Oct. 2024,4.9758,0.0002,0.00%
30 Sept. 2024,4.9756,-0.0004,-0.01%
27 Sept. 2024,4.976,0.0001,0.00%
26 Sept. 2024,4.9759,0.0001,0.00%
25 Sept. 2024,4.9758,0.0001,0.00%
24 Sept. 2024,4.9757,0.0016,0.03%
23 Sept. 2024,4.9741,-0.0004,-0.01%
20 Sept. 2024,4.9745,0.0001,0.00%
19 Sept. 2024,4.9744,-0.0002,0.00%
18 Sept. 2024,4.9746,0.0008,0.02%
17 Sept. 2024,4.9738,-0.0005,-0.01%
16 Sept. 2024,4.9743,0.0006,0.01%
13 Sept. 2024,4.9737,-0.0005,-0.01%
12 Sept. 2024,4.9742,0.0002,0.00%
11 Sept. 2024,4.974,-0.0002,0.00%
10 Sept. 2024,4.9742,0.0001,0.00%
9 Sept. 2024,4.9741,0.0013,0.03%
6 Sept. 2024,4.9728,0.0017,0.03%
5 Sept. 2024,4.9711,-0.0018,-0.04%
4 Sept. 2024,4.9729,-0.0009,-0.02%
3 Sept. 2024,4.9738,-0.0017,-0.03%
2 Sept. 2024,4.9755,-0.0014,-0.03%
30 Aug. 2024,4.9769,-0.0003,-0.01%
29 Aug. 2024,4.9772,0.0001,0.00%
28 Aug. 2024,4.9771,0.0006,0.01%
27 Aug. 2024,4.9765,0.0012,0.02%
26 Aug. 2024,4.9753,-0.0014,-0.03%
23 Aug. 2024,4.9767,0.0002,0.00%
22 Aug. 2024,4.9765,-0.0007,-0.01%
21 Aug. 2024,4.9772,0.0003,0.01%
20 Aug. 2024,4.9769,-0.0004,-0.01%
19 Aug. 2024,4.9773,0.0019,0.04%
16 Aug. 2024,4.9754,-0.0007,-0.01%
14 Aug. 2024,4.9761,-0.0003,-0.01%
13 Aug. 2024,4.9764,-0.0001,0.00%
12 Aug. 2024,4.9765,-0.0004,-0.01%
9 Aug. 2024,4.9769,0.0002,0.00%
8 Aug. 2024,4.9767,0.0001,0.00%
7 Aug. 2024,4.9766,-0.0002,0.00%
6 Aug. 2024,4.9768,-0.0001,0.00%
5 Aug. 2024,4.9769,0.0016,0.03%
2 Aug. 2024,4.9753,-0.0007,-0.01%
1 Aug. 2024,4.976,0.0008,0.02%
31 Iul. 2024,4.9752,-0.0001,0.00%
30 Iul. 2024,4.9753,0.0033,0.07%
29 Iul. 2024,4.972,0.002,0.04%
26 Iul. 2024,4.97,0.001,0.02%
25 Iul. 2024,4.969,-0.0014,-0.03%
24 Iul. 2024,4.9704,-0.0025,-0.05%
23 Iul. 2024,4.9729,0.0013,0.03%
22 Iul. 2024,4.9716,0.0007,0.01%
19 Iul. 2024,4.9709,0.0017,0.03%
18 Iul. 2024,4.9692,0.0011,0.02%
17 Iul. 2024,4.9681,0.0026,0.05%
16 Iul. 2024,4.9655,-0.0045,-0.09%
15 Iul. 2024,4.97,-0.0037,-0.07%
12 Iul. 2024,4.9737,-0.0012,-0.02%
11 Iul. 2024,4.9749,0.0013,0.03%
10 Iul. 2024,4.9736,0.0001,0.00%
9 Iul. 2024,4.9735,-0.002,-0.04%
8 Iul. 2024,4.9755,-0.0018,-0.04%
5 Iul. 2024,4.9773,0.0001,0.00%
4 Iul. 2024,4.9772,0.0001,0.00%
3 Iul. 2024,4.9771,0.0001,0.00%
2 Iul. 2024,4.977,0,0%
1 Iul. 2024,4.977,-0.0001,0.00%
28 Iun. 2024,4.9771,0.0003,0.01%
27 Iun. 2024,4.9768,-0.0001,0.00%
26 Iun. 2024,4.9769,0.0001,0.00%
25 Iun. 2024,4.9768,-0.0003,-0.01%
21 Iun. 2024,4.9771,0.0001,0.00%
20 Iun. 2024,4.977,0.0007,0.01%
19 Iun. 2024,4.9763,-0.0003,-0.01%
18 Iun. 2024,4.9766,-0.0002,0.00%
17 Iun. 2024,4.9768,-0.0003,-0.01%
14 Iun. 2024,4.9771,-0.0001,0.00%
13 Iun. 2024,4.9772,0.0006,0.01%
12 Iun. 2024,4.9766,-0.0001,0.00%
11 Iun. 2024,4.9767,0.0002,0.00%
10 Iun. 2024,4.9765,0.0005,0.01%
7 Iun. 2024,4.976,-0.0003,-0.01%
6 Iun. 2024,4.9763,0.0005,0.01%
5 Iun. 2024,4.9758,0.0006,0.01%
4 Iun. 2024,4.9752,-0.0009,-0.02%
3 Iun. 2024,4.9761,-0.0006,-0.01%
31 Mai 2024,4.9767,0.0001,0.00%
30 Mai 2024,4.9766,0.0004,0.01%
29 Mai 2024,4.9762,0.0003,0.01%
28 Mai 2024,4.9759,-0.0008,-0.02%
27 Mai 2024,4.9767,0.0023,0.05%
24 Mai 2024,4.9744,-0.0013,-0.03%
23 Mai 2024,4.9757,0.0012,0.02%
22 Mai 2024,4.9745,-0.0001,0.00%
21 Mai 2024,4.9746,-0.0002,0.00%
20 Mai 2024,4.9748,-0.0003,-0.01%
17 Mai 2024,4.9751,-0.0005,-0.01%
16 Mai 2024,4.9756,-0.0009,-0.02%
15 Mai 2024,4.9765,0.0002,0.00%
14 Mai 2024,4.9763,-0.0002,0.00%
13 Mai 2024,4.9765,0.0009,0.02%
10 Mai 2024,4.9756,0.0003,0.01%
9 Mai 2024,4.9753,-0.0008,-0.02%
8 Mai 2024,4.9761,0.0004,0.01%
7 Mai 2024,4.9757,-0.0007,-0.01%
2 Mai 2024,4.9764,0.0005,0.01%
30 Apr. 2024,4.9759,0.0001,0.00%
29 Apr. 2024,4.9758,-0.0007,-0.01%
26 Apr. 2024,4.9765,0.0002,0.00%
25 Apr. 2024,4.9763,0.0002,0.00%
24 Apr. 2024,4.9761,-0.0001,0.00%
23 Apr. 2024,4.9762,0.0004,0.01%
22 Apr. 2024,4.9758,-0.0006,-0.01%
19 Apr. 2024,4.9764,0.0001,0.00%
18 Apr. 2024,4.9763,0.0009,0.02%
17 Apr. 2024,4.9754,-0.0009,-0.02%
16 Apr. 2024,4.9763,0.0026,0.05%
15 Apr. 2024,4.9737,0.0023,0.05%
12 Apr. 2024,4.9714,0.0011,0.02%
11 Apr. 2024,4.9703,0.0011,0.02%
10 Apr. 2024,4.9692,0.001,0.02%
9 Apr. 2024,4.9682,0.0004,0.01%
8 Apr. 2024,4.9678,-0.0003,-0.01%
5 Apr. 2024,4.9681,-0.0027,-0.05%
4 Apr. 2024,4.9708,0.0019,0.04%
3 Apr. 2024,4.9689,-0.0016,-0.03%
2 Apr. 2024,4.9705,0.0005,0.01%
1 Apr. 2024,4.97,0.0005,0.01%
29 Mart. 2024,4.9695,-0.0035,-0.07%
28 Mart. 2024,4.973,0.002,0.04%
27 Mart. 2024,4.971,-0.0002,0.00%
26 Mart. 2024,4.9712,0.0001,0.00%
25 Mart. 2024,4.9711,-0.0016,-0.03%
22 Mart. 2024,4.9727,-0.0013,-0.03%
21 Mart. 2024,4.974,0.0001,0.00%
20 Mart. 2024,4.9739,-0.0002,0.00%
19 Mart. 2024,4.9741,0.0026,0.05%
18 Mart. 2024,4.9715,0.0008,0.02%
15 Mart. 2024,4.9707,-0.0005,-0.01%
14 Mart. 2024,4.9712,0.0037,0.07%
13 Mart. 2024,4.9675,0.001,0.02%
12 Mart. 2024,4.9665,-0.0006,-0.01%
11 Mart. 2024,4.9671,-0.002,-0.04%
8 Mart. 2024,4.9691,-0.0016,-0.03%
7 Mart. 2024,4.9707,-0.0011,-0.02%
6 Mart. 2024,4.9718,-0.0001,0.00%
5 Mart. 2024,4.9719,0.0021,0.04%
4 Mart. 2024,4.9698,-0.0001,0.00%
1 Mart. 2024,4.9699,0.0009,0.02%
29 Feb. 2024,4.969,-0.001,-0.02%
28 Feb. 2024,4.97,0.0014,0.03%
27 Feb. 2024,4.9686,-0.0045,-0.09%
26 Feb. 2024,4.9731,-0.0022,-0.04%
23 Feb. 2024,4.9753,-0.0016,-0.03%
22 Feb. 2024,4.9769,0.001,0.02%
21 Feb. 2024,4.9759,-0.0012,-0.02%
20 Feb. 2024,4.9771,-0.0002,0.00%
19 Feb. 2024,4.9773,0.0003,0.01%
16 Feb. 2024,4.977,0.0003,0.01%
15 Feb. 2024,4.9767,0.0007,0.01%
14 Feb. 2024,4.976,-0.0001,0.00%
13 Feb. 2024,4.9761,0.0008,0.02%
12 Feb. 2024,4.9753,-0.0017,-0.03%
9 Feb. 2024,4.977,0.0006,0.01%
8 Feb. 2024,4.9764,-0.0005,-0.01%
7 Feb. 2024,4.9769,0.0009,0.02%
6 Feb. 2024,4.976,0.0024,0.05%
5 Feb. 2024,4.9736,0.0008,0.02%
2 Feb. 2024,4.9728,-0.0019,-0.04%
1 Feb. 2024,4.9747,-0.0012,-0.02%
31 Ian. 2024,4.9759,-0.001,-0.02%
30 Ian. 2024,4.9769,-0.0001,0.00%
29 Ian. 2024,4.977,0.0007,0.01%
26 Ian. 2024,4.9763,-0.0002,0.00%
25 Ian. 2024,4.9765,-0.0002,0.00%
23 Ian. 2024,4.9767,-0.0001,0.00%
22 Ian. 2024,4.9768,-0.0001,0.00%
19 Ian. 2024,4.9769,0.0004,0.01%
18 Ian. 2024,4.9765,0.0013,0.03%
17 Ian. 2024,4.9752,-0.0009,-0.02%
16 Ian. 2024,4.9761,0.0025,0.05%
15 Ian. 2024,4.9736,0.0005,0.01%
12 Ian. 2024,4.9731,0.0008,0.02%
11 Ian. 2024,4.9723,-0.0001,0.00%
10 Ian. 2024,4.9724,0.0009,0.02%
9 Ian. 2024,4.9715,-0.0005,-0.01%
8 Ian. 2024,4.972,-0.0024,-0.05%
5 Ian. 2024,4.9744,0.0014,0.03%
4 Ian. 2024,4.973,-0.0001,0.00%
3 Ian. 2024,4.9731,-0.0015,-0.03%
29 Dec. 2023,4.9746,-0.0007,-0.01%
28 Dec. 2023,4.9753,0.0033,0.07%
27 Dec. 2023,4.972,0.0025,0.05%
22 Dec. 2023,4.9695,0.0003,0.01%
21 Dec. 2023,4.9692,-0.001,-0.02%
20 Dec. 2023,4.9702,-0.0002,0.00%
19 Dec. 2023,4.9704,0.0028,0.06%
18 Dec. 2023,4.9676,-0.0033,-0.07%
15 Dec. 2023,4.9709,-0.0011,-0.02%
14 Dec. 2023,4.972,-0.002,-0.04%
13 Dec. 2023,4.974,0.0016,0.03%
12 Dec. 2023,4.9724,0.0016,0.03%
11 Dec. 2023,4.9708,0.0031,0.06%
8 Dec. 2023,4.9677,-0.0002,0.00%
7 Dec. 2023,4.9679,-0.0002,0.00%
6 Dec. 2023,4.9681,0.0009,0.02%
5 Dec. 2023,4.9672,-0.0006,-0.01%
4 Dec. 2023,4.9678,-0.0048,-0.10%
29 Nov. 2023,4.9726,0.0001,0.00%
28 Nov. 2023,4.9725,0.0023,0.05%
27 Nov. 2023,4.9702,-0.0001,0.00%
24 Nov. 2023,4.9703,-0.0007,-0.01%
23 Nov. 2023,4.971,0.0003,0.01%
22 Nov. 2023,4.9707,0.0001,0.00%
21 Nov. 2023,4.9706,-0.0003,-0.01%
20 Nov. 2023,4.9709,-0.0002,0.00%
17 Nov. 2023,4.9711,0.0007,0.01%
16 Nov. 2023,4.9704,0.0003,0.01%
15 Nov. 2023,4.9701,-0.0022,-0.04%
14 Nov. 2023,4.9723,0.002,0.04%
13 Nov. 2023,4.9703,0.0011,0.02%
10 Nov. 2023,4.9692,0.0019,0.04%
9 Nov. 2023,4.9673,-0.0001,0.00%
8 Nov. 2023,4.9674,-0.0022,-0.04%
7 Nov. 2023,4.9696,0.0001,0.00%
6 Nov. 2023,4.9695,-0.0006,-0.01%
3 Nov. 2023,4.9701,0.0008,0.02%
2 Nov. 2023,4.9693,0.0008,0.02%
1 Nov. 2023,4.9685,0.0016,0.03%
31 Oct. 2023,4.9669,0.0022,0.04%
30 Oct. 2023,4.9647,-0.0034,-0.07%
27 Oct. 2023,4.9681,0.0038,0.08%
26 Oct. 2023,4.9643,0.0015,0.03%
25 Oct. 2023,4.9628,-0.005,-0.10%
24 Oct. 2023,4.9678,-0.0046,-0.09%
23 Oct. 2023,4.9724,-0.001,-0.02%
20 Oct. 2023,4.9734,0.0014,0.03%
19 Oct. 2023,4.972,0.0015,0.03%
18 Oct. 2023,4.9705,0.0029,0.06%
17 Oct. 2023,4.9676,0.0022,0.04%
16 Oct. 2023,4.9654,0.0009,0.02%
13 Oct. 2023,4.9645,0.0018,0.04%
12 Oct. 2023,4.9627,-0.0031,-0.06%
11 Oct. 2023,4.9658,0.0002,0.00%
10 Oct. 2023,4.9656,-0.0026,-0.05%
9 Oct. 2023,4.9682,0.0051,0.10%
6 Oct. 2023,4.9631,-0.0069,-0.14%
5 Oct. 2023,4.97,-0.0052,-0.10%
4 Oct. 2023,4.9752,0.0007,0.01%
3 Oct. 2023,4.9745,0.0001,0.00%
2 Oct. 2023,4.9744,-0.0002,0.00%
29 Sept. 2023,4.9746,-0.0003,-0.01%
28 Sept. 2023,4.9749,0.0006,0.01%
27 Sept. 2023,4.9743,0.0047,0.09%
26 Sept. 2023,4.9696,0.0019,0.04%
25 Sept. 2023,4.9677,0.0002,0.00%
22 Sept. 2023,4.9675,-0.0032,-0.06%
21 Sept. 2023,4.9707,-0.0004,-0.01%
20 Sept. 2023,4.9711,0.002,0.04%
19 Sept. 2023,4.9691,0.0012,0.02%
18 Sept. 2023,4.9679,-0.0011,-0.02%
15 Sept. 2023,4.969,-0.0005,-0.01%
14 Sept. 2023,4.9695,-0.0002,0.00%
13 Sept. 2023,4.9697,0.0007,0.01%
12 Sept. 2023,4.969,0.003,0.06%
11 Sept. 2023,4.966,0.0017,0.03%
8 Sept. 2023,4.9643,0.0011,0.02%
7 Sept. 2023,4.9632,0.0017,0.03%
6 Sept. 2023,4.9615,0.0124,0.25%
5 Sept. 2023,4.9491,0.0026,0.05%
4 Sept. 2023,4.9465,0.0025,0.05%
1 Sept. 2023,4.944,0.0028,0.06%
31 Aug. 2023,4.9412,-0.0012,-0.02%
30 Aug. 2023,4.9424,0.0006,0.01%
29 Aug. 2023,4.9418,0.006,0.12%
28 Aug. 2023,4.9358,-0.003,-0.06%
25 Aug. 2023,4.9388,0.0043,0.09%
24 Aug. 2023,4.9345,-0.006,-0.12%
23 Aug. 2023,4.9405,0.0032,0.06%
22 Aug. 2023,4.9373,-0.0043,-0.09%
21 Aug. 2023,4.9416,-0.0026,-0.05%
18 Aug. 2023,4.9442,0.0097,0.20%
17 Aug. 2023,4.9345,-0.0009,-0.02%
16 Aug. 2023,4.9354,-0.0068,-0.14%
14 Aug. 2023,4.9422,0.0004,0.01%
11 Aug. 2023,4.9418,-0.0015,-0.03%
10 Aug. 2023,4.9433,-0.0044,-0.09%
9 Aug. 2023,4.9477,-0.002,-0.04%
8 Aug. 2023,4.9497,0.0007,0.01%
7 Aug. 2023,4.949,-0.0031,-0.06%
4 Aug. 2023,4.9521,0.0139,0.28%
3 Aug. 2023,4.9382,0.0043,0.09%
2 Aug. 2023,4.9339,0.0005,0.01%
1 Aug. 2023,4.9334,-0.0012,-0.02%
31 Iul. 2023,4.9346,0.0024,0.05%
28 Iul. 2023,4.9322,0.0037,0.08%
27 Iul. 2023,4.9285,-0.0007,-0.01%
26 Iul. 2023,4.9292,0.0094,0.19%
25 Iul. 2023,4.9198,-0.0047,-0.10%
24 Iul. 2023,4.9245,-0.0132,-0.27%
21 Iul. 2023,4.9377,-0.0026,-0.05%
20 Iul. 2023,4.9403,-0.0062,-0.13%
19 Iul. 2023,4.9465,0.008,0.16%
18 Iul. 2023,4.9385,-0.0021,-0.04%
17 Iul. 2023,4.9406,-0.002,-0.04%
14 Iul. 2023,4.9426,-0.0011,-0.02%
13 Iul. 2023,4.9437,-0.0073,-0.15%
12 Iul. 2023,4.951,0.0009,0.02%
11 Iul. 2023,4.9501,-0.0013,-0.03%
10 Iul. 2023,4.9514,-0.0026,-0.05%
7 Iul. 2023,4.954,0.0033,0.07%
6 Iul. 2023,4.9507,0.0034,0.07%
5 Iul. 2023,4.9473,-0.003,-0.06%
4 Iul. 2023,4.9503,-0.0014,-0.03%
3 Iul. 2023,4.9517,-0.0117,-0.24%
30 Iun. 2023,4.9634,-0.001,-0.02%
29 Iun. 2023,4.9644,0.0061,0.12%
28 Iun. 2023,4.9583,-0.0047,-0.09%
27 Iun. 2023,4.963,0.0074,0.15%
26 Iun. 2023,4.9556,-0.0005,-0.01%
23 Iun. 2023,4.9561,-0.0075,-0.15%
22 Iun. 2023,4.9636,0.0009,0.02%
21 Iun. 2023,4.9627,-0.0004,-0.01%
20 Iun. 2023,4.9631,0.0035,0.07%
19 Iun. 2023,4.9596,-0.0008,-0.02%
16 Iun. 2023,4.9604,0.0018,0.04%
15 Iun. 2023,4.9586,0.0027,0.05%
14 Iun. 2023,4.9559,-0.005,-0.10%
13 Iun. 2023,4.9609,0.0041,0.08%
12 Iun. 2023,4.9568,0.0008,0.02%
9 Iun. 2023,4.956,0.0017,0.03%
8 Iun. 2023,4.9543,-0.0035,-0.07%
7 Iun. 2023,4.9578,-0.0037,-0.07%
6 Iun. 2023,4.9615,-0.0018,-0.04%
2 Iun. 2023,4.9633,-0.0063,-0.13%
31 Mai 2023,4.9696,0.0056,0.11%
30 Mai 2023,4.964,0.006,0.12%
29 Mai 2023,4.958,0.0005,0.01%
26 Mai 2023,4.9575,-0.0003,-0.01%
25 Mai 2023,4.9578,-0.0046,-0.09%
24 Mai 2023,4.9624,-0.0086,-0.17%
23 Mai 2023,4.971,-0.007,-0.14%
22 Mai 2023,4.978,-0.0003,-0.01%
19 Mai 2023,4.9783,0.0052,0.10%
18 Mai 2023,4.9731,0.0121,0.24%
17 Mai 2023,4.961,0.0148,0.30%
16 Mai 2023,4.9462,0.0097,0.20%
15 Mai 2023,4.9365,0.0041,0.08%
12 Mai 2023,4.9324,0.003,0.06%
11 Mai 2023,4.9294,0.0073,0.15%
10 Mai 2023,4.9221,0.0019,0.04%
9 Mai 2023,4.9202,-0.0054,-0.11%
8 Mai 2023,4.9256,-0.0017,-0.03%
5 Mai 2023,4.9273,-0.0022,-0.04%
4 Mai 2023,4.9295,-0.0003,-0.01%
3 Mai 2023,4.9298,0.0008,0.02%
2 Mai 2023,4.929,-0.0063,-0.13%
28 Apr. 2023,4.9353,-0.0086,-0.17%
27 Apr. 2023,4.9439,0.0038,0.08%
26 Apr. 2023,4.9401,0.0061,0.12%
25 Apr. 2023,4.934,0.0047,0.10%
24 Apr. 2023,4.9293,-0.0108,-0.22%
21 Apr. 2023,4.9401,0.0096,0.19%
20 Apr. 2023,4.9305,-0.0025,-0.05%
19 Apr. 2023,4.933,-0.0042,-0.09%
18 Apr. 2023,4.9372,-0.006,-0.12%
13 Apr. 2023,4.9432,0.0051,0.10%
12 Apr. 2023,4.9381,0.0043,0.09%
11 Apr. 2023,4.9338,0.0023,0.05%
10 Apr. 2023,4.9315,-0.0052,-0.11%
7 Apr. 2023,4.9367,-0.0003,-0.01%
6 Apr. 2023,4.937,0.0054,0.11%
5 Apr. 2023,4.9316,-0.0064,-0.13%
4 Apr. 2023,4.938,-0.0039,-0.08%
3 Apr. 2023,4.9419,-0.0072,-0.15%
31 Mart. 2023,4.9491,0.0006,0.01%
30 Mart. 2023,4.9485,0.0006,0.01%
29 Mart. 2023,4.9479,-0.0002,0.00%
28 Mart. 2023,4.9481,0.0076,0.15%
27 Mart. 2023,4.9405,0.015,0.30%
24 Mart. 2023,4.9255,0.0041,0.08%
23 Mart. 2023,4.9214,-0.0018,-0.04%
22 Mart. 2023,4.9232,0.0023,0.05%
21 Mart. 2023,4.9209,-0.001,-0.02%
20 Mart. 2023,4.9219,0.0019,0.04%
17 Mart. 2023,4.92,0.001,0.02%
16 Mart. 2023,4.919,-0.0017,-0.03%
15 Mart. 2023,4.9207,-0.0046,-0.09%
14 Mart. 2023,4.9253,0.0098,0.20%
13 Mart. 2023,4.9155,0.0019,0.04%
10 Mart. 2023,4.9136,-0.002,-0.04%
9 Mart. 2023,4.9156,-0.0001,0.00%
8 Mart. 2023,4.9157,-0.0052,-0.11%
7 Mart. 2023,4.9209,0,0%
6 Mart. 2023,4.9209,-0.0004,-0.01%
3 Mart. 2023,4.9213,-0.0005,-0.01%
2 Mart. 2023,4.9218,-0.0049,-0.10%
1 Mart. 2023,4.9267,0.0067,0.14%
28 Feb. 2023,4.92,0.0015,0.03%
27 Feb. 2023,4.9185,0.0015,0.03%
24 Feb. 2023,4.917,0.0055,0.11%
23 Feb. 2023,4.9115,-0.0133,-0.27%
22 Feb. 2023,4.9248,0.0055,0.11%
21 Feb. 2023,4.9193,-0.0003,-0.01%
20 Feb. 2023,4.9196,0.0156,0.32%
17 Feb. 2023,4.904,0.0033,0.07%
16 Feb. 2023,4.9007,0.0014,0.03%
15 Feb. 2023,4.8993,-0.0019,-0.04%
14 Feb. 2023,4.9012,-0.0025,-0.05%
13 Feb. 2023,4.9037,-0.0008,-0.02%
10 Feb. 2023,4.9045,0.0145,0.30%
9 Feb. 2023,4.89,-0.0062,-0.13%
8 Feb. 2023,4.8962,-0.006,-0.12%
7 Feb. 2023,4.9022,-0.0014,-0.03%
6 Feb. 2023,4.9036,0.0031,0.06%
3 Feb. 2023,4.9005,-0.0019,-0.04%
2 Feb. 2023,4.9024,-0.0124,-0.25%
1 Feb. 2023,4.9148,-0.0073,-0.15%
31 Ian. 2023,4.9221,0.0191,0.39%
30 Ian. 2023,4.903,0.0108,0.22%
27 Ian. 2023,4.8922,0.0064,0.13%
26 Ian. 2023,4.8858,-0.0158,-0.32%
25 Ian. 2023,4.9016,-0.0182,-0.37%
23 Ian. 2023,4.9198,-0.0057,-0.12%
20 Ian. 2023,4.9255,-0.0038,-0.08%
19 Ian. 2023,4.9293,-0.0062,-0.13%
18 Ian. 2023,4.9355,0.0041,0.08%
17 Ian. 2023,4.9314,-0.0091,-0.18%
16 Ian. 2023,4.9405,-0.0008,-0.02%
13 Ian. 2023,4.9413,0.0054,0.11%
12 Ian. 2023,4.9359,0.0031,0.06%
11 Ian. 2023,4.9328,0.0075,0.15%
10 Ian. 2023,4.9253,0.0001,0.00%
9 Ian. 2023,4.9252,-0.0041,-0.08%
6 Ian. 2023,4.9293,0.005,0.10%
5 Ian. 2023,4.9243,-0.0021,-0.04%
4 Ian. 2023,4.9264,-0.0009,-0.02%
3 Ian. 2023,4.9273,-0.0201,-0.41%
30 Dec. 2022,4.9474,0.0016,0.03%
29 Dec. 2022,4.9458,-0.0005,-0.01%
28 Dec. 2022,4.9463,0.0185,0.38%
27 Dec. 2022,4.9278,0.0258,0.53%
23 Dec. 2022,4.902,0.0039,0.08%
22 Dec. 2022,4.8981,-0.0042,-0.09%
21 Dec. 2022,4.9023,-0.0117,-0.24%
20 Dec. 2022,4.914,-0.0036,-0.07%
19 Dec. 2022,4.9176,-0.0023,-0.05%
16 Dec. 2022,4.9199,-0.0007,-0.01%
15 Dec. 2022,4.9206,-0.0042,-0.09%
14 Dec. 2022,4.9248,-0.0066,-0.13%
13 Dec. 2022,4.9314,0.0028,0.06%
12 Dec. 2022,4.9286,0.0075,0.15%
9 Dec. 2022,4.9211,0.0019,0.04%
8 Dec. 2022,4.9192,0.0006,0.01%
7 Dec. 2022,4.9186,0.006,0.12%
6 Dec. 2022,4.9126,-0.0081,-0.16%
5 Dec. 2022,4.9207,-0.009,-0.18%
2 Dec. 2022,4.9297,0.0113,0.23%
29 Nov. 2022,4.9184,-0.0082,-0.17%
28 Nov. 2022,4.9266,0.0016,0.03%
25 Nov. 2022,4.925,-0.0059,-0.12%
24 Nov. 2022,4.9309,-0.0076,-0.15%
23 Nov. 2022,4.9385,0.0132,0.27%
22 Nov. 2022,4.9253,-0.0164,-0.33%
21 Nov. 2022,4.9417,-0.0001,0.00%
18 Nov. 2022,4.9418,0.0151,0.31%
17 Nov. 2022,4.9267,0.0058,0.12%
16 Nov. 2022,4.9209,0.0177,0.36%
15 Nov. 2022,4.9032,0.005,0.10%
14 Nov. 2022,4.8982,0.008,0.16%
11 Nov. 2022,4.8902,-0.0017,-0.03%
10 Nov. 2022,4.8919,-0.0133,-0.27%
9 Nov. 2022,4.9052,0.014,0.29%
8 Nov. 2022,4.8912,0.0041,0.08%
7 Nov. 2022,4.8871,-0.0005,-0.01%
4 Nov. 2022,4.8876,-0.0134,-0.27%
3 Nov. 2022,4.901,-0.0103,-0.21%
2 Nov. 2022,4.9113,-0.0021,-0.04%
1 Nov. 2022,4.9134,-0.0007,-0.01%
31 Oct. 2022,4.9141,0.0013,0.03%
28 Oct. 2022,4.9128,0.0238,0.49%
27 Oct. 2022,4.889,0.0097,0.20%
26 Oct. 2022,4.8793,-0.0245,-0.50%
25 Oct. 2022,4.9038,-0.0101,-0.21%
24 Oct. 2022,4.9139,0.0009,0.02%
21 Oct. 2022,4.913,-0.0116,-0.24%
20 Oct. 2022,4.9246,-0.0044,-0.09%
19 Oct. 2022,4.929,-0.0067,-0.14%
18 Oct. 2022,4.9357,-0.0003,-0.01%
17 Oct. 2022,4.936,0.001,0.02%
14 Oct. 2022,4.935,-0.0066,-0.13%
13 Oct. 2022,4.9416,0.0019,0.04%
12 Oct. 2022,4.9397,0.003,0.06%
11 Oct. 2022,4.9367,-0.0028,-0.06%
10 Oct. 2022,4.9395,-0.0015,-0.03%
7 Oct. 2022,4.941,0.0044,0.09%
6 Oct. 2022,4.9366,-0.0053,-0.11%
5 Oct. 2022,4.9419,-0.0052,-0.11%
4 Oct. 2022,4.9471,-0.0009,-0.02%
3 Oct. 2022,4.948,-0.001,-0.02%
30 Sept. 2022,4.949,0.0004,0.01%
29 Sept. 2022,4.9486,0.0007,0.01%
28 Sept. 2022,4.9479,0.0042,0.09%
27 Sept. 2022,4.9437,0.001,0.02%
26 Sept. 2022,4.9427,-0.001,-0.02%
23 Sept. 2022,4.9437,0.0025,0.05%
22 Sept. 2022,4.9412,-0.0024,-0.05%
21 Sept. 2022,4.9436,0.0123,0.25%
20 Sept. 2022,4.9313,0.0087,0.18%
19 Sept. 2022,4.9226,-0.0027,-0.05%
16 Sept. 2022,4.9253,-0.0006,-0.01%
15 Sept. 2022,4.9259,0.0012,0.02%
14 Sept. 2022,4.9247,0.0031,0.06%
13 Sept. 2022,4.9216,0.0169,0.34%
12 Sept. 2022,4.9047,0.0111,0.23%
9 Sept. 2022,4.8936,0.0229,0.47%
8 Sept. 2022,4.8707,0.0127,0.26%
7 Sept. 2022,4.858,0.0293,0.61%
6 Sept. 2022,4.8287,0.0072,0.15%
5 Sept. 2022,4.8215,-0.0129,-0.27%
2 Sept. 2022,4.8344,-0.0181,-0.37%
1 Sept. 2022,4.8525,-0.008,-0.16%
31 Aug. 2022,4.8605,-0.0047,-0.10%
30 Aug. 2022,4.8652,-0.0055,-0.11%
29 Aug. 2022,4.8707,-0.0027,-0.06%
26 Aug. 2022,4.8734,-0.0022,-0.05%
25 Aug. 2022,4.8756,-0.0062,-0.13%
24 Aug. 2022,4.8818,-0.0033,-0.07%
23 Aug. 2022,4.8851,-0.0002,0.00%
22 Aug. 2022,4.8853,0.0047,0.10%
19 Aug. 2022,4.8806,0.0013,0.03%
18 Aug. 2022,4.8793,-0.0056,-0.11%
17 Aug. 2022,4.8849,0.0018,0.04%
16 Aug. 2022,4.8831,-0.0078,-0.16%
12 Aug. 2022,4.8909,-0.0181,-0.37%
11 Aug. 2022,4.909,-0.0042,-0.09%
10 Aug. 2022,4.9132,0.0082,0.17%
9 Aug. 2022,4.905,-0.016,-0.33%
8 Aug. 2022,4.921,-0.0054,-0.11%
5 Aug. 2022,4.9264,0.0001,0.00%
4 Aug. 2022,4.9263,0.0011,0.02%
3 Aug. 2022,4.9252,-0.001,-0.02%
2 Aug. 2022,4.9262,-0.0025,-0.05%
1 Aug. 2022,4.9287,-0.0064,-0.13%
29 Iul. 2022,4.9351,-0.0002,0.00%
28 Iul. 2022,4.9353,0.0016,0.03%
27 Iul. 2022,4.9337,0.0009,0.02%
26 Iul. 2022,4.9328,0.0018,0.04%
25 Iul. 2022,4.931,-0.0014,-0.03%
22 Iul. 2022,4.9324,-0.0067,-0.14%
21 Iul. 2022,4.9391,-0.0008,-0.02%
20 Iul. 2022,4.9399,0.0004,0.01%
19 Iul. 2022,4.9395,0.0005,0.01%
18 Iul. 2022,4.939,-0.0018,-0.04%
15 Iul. 2022,4.9408,-0.001,-0.02%
14 Iul. 2022,4.9418,0.0004,0.01%
13 Iul. 2022,4.9414,0.0003,0.01%
12 Iul. 2022,4.9411,-0.0019,-0.04%
11 Iul. 2022,4.943,-0.0009,-0.02%
8 Iul. 2022,4.9439,-0.0012,-0.02%
7 Iul. 2022,4.9451,-0.0003,-0.01%
6 Iul. 2022,4.9454,0.0005,0.01%
5 Iul. 2022,4.9449,0.0001,0.00%
4 Iul. 2022,4.9448,-0.0013,-0.03%
1 Iul. 2022,4.9461,0.0007,0.01%
30 Iun. 2022,4.9454,0.0024,0.05%
29 Iun. 2022,4.943,-0.0027,-0.05%
28 Iun. 2022,4.9457,-0.0002,0.00%
27 Iun. 2022,4.9459,-0.0012,-0.02%
24 Iun. 2022,4.9471,0.0007,0.01%
23 Iun. 2022,4.9464,-0.0005,-0.01%
22 Iun. 2022,4.9469,-0.0006,-0.01%
21 Iun. 2022,4.9475,0.0027,0.05%
20 Iun. 2022,4.9448,-0.0024,-0.05%
17 Iun. 2022,4.9472,0.0029,0.06%
16 Iun. 2022,4.9443,-0.0006,-0.01%
15 Iun. 2022,4.9449,0.001,0.02%
14 Iun. 2022,4.9439,0.0007,0.01%
10 Iun. 2022,4.9432,-0.0022,-0.04%
9 Iun. 2022,4.9454,-0.0002,0.00%
8 Iun. 2022,4.9456,0.003,0.06%
7 Iun. 2022,4.9426,0.0007,0.01%
6 Iun. 2022,4.9419,-0.0008,-0.02%
3 Iun. 2022,4.9427,0.0016,0.03%
2 Iun. 2022,4.9411,-0.0019,-0.04%
31 Mai 2022,4.943,-0.0008,-0.02%
30 Mai 2022,4.9438,0.0009,0.02%
27 Mai 2022,4.9429,0.0006,0.01%
26 Mai 2022,4.9423,0.0006,0.01%
25 Mai 2022,4.9417,-0.004,-0.08%
24 Mai 2022,4.9457,-0.0015,-0.03%
23 Mai 2022,4.9472,-0.0005,-0.01%
20 Mai 2022,4.9477,0.0003,0.01%
19 Mai 2022,4.9474,0.0002,0.00%
18 Mai 2022,4.9472,-0.0005,-0.01%
17 Mai 2022,4.9477,0.0008,0.02%
16 Mai 2022,4.9469,0.0011,0.02%
13 Mai 2022,4.9458,-0.0022,-0.04%
12 Mai 2022,4.948,0.0001,0.00%
11 Mai 2022,4.9479,0.0022,0.04%
10 Mai 2022,4.9457,-0.0012,-0.02%
9 Mai 2022,4.9469,-0.0021,-0.04%
6 Mai 2022,4.949,0.0004,0.01%
5 Mai 2022,4.9486,0.0015,0.03%
4 Mai 2022,4.9471,0.0002,0.00%
3 Mai 2022,4.9469,-0.0007,-0.01%
2 Mai 2022,4.9476,-0.0004,-0.01%
29 Apr. 2022,4.948,0.0005,0.01%
28 Apr. 2022,4.9475,0.0001,0.00%
27 Apr. 2022,4.9474,0.0017,0.03%
26 Apr. 2022,4.9457,0.0016,0.03%
21 Apr. 2022,4.9441,0.0019,0.04%
20 Apr. 2022,4.9422,0.0007,0.01%
19 Apr. 2022,4.9415,-0.0001,0.00%
18 Apr. 2022,4.9416,-0.0016,-0.03%
15 Apr. 2022,4.9432,-0.0011,-0.02%
14 Apr. 2022,4.9443,0.003,0.06%
13 Apr. 2022,4.9413,0.0001,0.00%
12 Apr. 2022,4.9412,0.0003,0.01%
11 Apr. 2022,4.9409,-0.001,-0.02%
8 Apr. 2022,4.9419,-0.0007,-0.01%
7 Apr. 2022,4.9426,-0.0021,-0.04%
6 Apr. 2022,4.9447,0.0016,0.03%
5 Apr. 2022,4.9431,-0.0006,-0.01%
4 Apr. 2022,4.9437,-0.0017,-0.03%
1 Apr. 2022,4.9454,-0.0012,-0.02%
31 Mart. 2022,4.9466,-0.0004,-0.01%
30 Mart. 2022,4.947,-0.0005,-0.01%
29 Mart. 2022,4.9475,-0.0008,-0.02%
28 Mart. 2022,4.9483,-0.0006,-0.01%
25 Mart. 2022,4.9489,-0.0001,0.00%
24 Mart. 2022,4.949,0.0031,0.06%
23 Mart. 2022,4.9459,0.0007,0.01%
22 Mart. 2022,4.9452,-0.0022,-0.04%
21 Mart. 2022,4.9474,-0.0007,-0.01%
18 Mart. 2022,4.9481,0.002,0.04%
17 Mart. 2022,4.9461,-0.0015,-0.03%
16 Mart. 2022,4.9476,-0.0011,-0.02%
15 Mart. 2022,4.9487,-0.0003,-0.01%
14 Mart. 2022,4.949,0.0001,0.00%
11 Mart. 2022,4.9489,0.0001,0.00%
10 Mart. 2022,4.9488,-0.0002,0.00%
9 Mart. 2022,4.949,-0.0002,0.00%
8 Mart. 2022,4.9492,0.0002,0.00%
7 Mart. 2022,4.949,-0.0001,0.00%
4 Mart. 2022,4.9491,0.0002,0.00%
3 Mart. 2022,4.9489,-0.0001,0.00%
2 Mart. 2022,4.949,0.0003,0.01%
1 Mart. 2022,4.9487,0.0007,0.01%
28 Feb. 2022,4.948,0.0001,0.00%
25 Feb. 2022,4.9479,-0.001,-0.02%
24 Feb. 2022,4.9489,0.0026,0.05%
23 Feb. 2022,4.9463,0.0005,0.01%
22 Feb. 2022,4.9458,0.0011,0.02%
21 Feb. 2022,4.9447,0.0002,0.00%
18 Feb. 2022,4.9445,0.0006,0.01%
17 Feb. 2022,4.9439,0.0034,0.07%
16 Feb. 2022,4.9405,-0.0029,-0.06%
15 Feb. 2022,4.9434,-0.0021,-0.04%
14 Feb. 2022,4.9455,0.0008,0.02%
11 Feb. 2022,4.9447,-0.0003,-0.01%
10 Feb. 2022,4.945,-0.0009,-0.02%
9 Feb. 2022,4.9459,0.0001,0.00%
8 Feb. 2022,4.9458,-0.0002,0.00%
7 Feb. 2022,4.946,-0.0002,0.00%
4 Feb. 2022,4.9462,0.0005,0.01%
3 Feb. 2022,4.9457,-0.0005,-0.01%
2 Feb. 2022,4.9462,-0.0002,0.00%
1 Feb. 2022,4.9464,-0.0004,-0.01%
31 Ian. 2022,4.9468,0.0009,0.02%
28 Ian. 2022,4.9459,0.0006,0.01%
27 Ian. 2022,4.9453,0.001,0.02%
26 Ian. 2022,4.9443,0.0003,0.01%
25 Ian. 2022,4.944,-0.0009,-0.02%
21 Ian. 2022,4.9449,-0.0003,-0.01%
20 Ian. 2022,4.9452,0.0005,0.01%
19 Ian. 2022,4.9447,0.0002,0.00%
18 Ian. 2022,4.9445,0.0005,0.01%
17 Ian. 2022,4.944,0.0008,0.02%
14 Ian. 2022,4.9432,-0.0003,-0.01%
13 Ian. 2022,4.9435,-0.001,-0.02%
12 Ian. 2022,4.9445,-0.0007,-0.01%
11 Ian. 2022,4.9452,0.0013,0.03%
10 Ian. 2022,4.9439,0.0003,0.01%
7 Ian. 2022,4.9436,0.0005,0.01%
6 Ian. 2022,4.9431,-0.0029,-0.06%
5 Ian. 2022,4.946,-0.0004,-0.01%
4 Ian. 2022,4.9464,-0.001,-0.02%
3 Ian. 2022,4.9474,-0.0007,-0.01%
31 Dec. 2021,4.9481,-0.0005,-0.01%
30 Dec. 2021,4.9486,-0.0004,-0.01%
29 Dec. 2021,4.949,-0.0001,0.00%
28 Dec. 2021,4.9491,-0.0001,0.00%
27 Dec. 2021,4.9492,0.0002,0.00%
24 Dec. 2021,4.949,0.0002,0.00%
23 Dec. 2021,4.9488,-0.0001,0.00%
22 Dec. 2021,4.9489,-0.0002,0.00%
21 Dec. 2021,4.9491,0.0003,0.01%
20 Dec. 2021,4.9488,-0.0004,-0.01%
17 Dec. 2021,4.9492,0.0001,0.00%
16 Dec. 2021,4.9491,0.0002,0.00%
15 Dec. 2021,4.9489,-0.0003,-0.01%
14 Dec. 2021,4.9492,0.0001,0.00%
13 Dec. 2021,4.9491,0.0001,0.00%
10 Dec. 2021,4.949,-0.0001,0.00%
9 Dec. 2021,4.9491,0.0003,0.01%
8 Dec. 2021,4.9488,0.0003,0.01%
7 Dec. 2021,4.9485,0.0002,0.00%
6 Dec. 2021,4.9483,-0.0004,-0.01%
3 Dec. 2021,4.9487,-0.0003,-0.01%
2 Dec. 2021,4.949,0,0%
29 Nov. 2021,4.949,-0.0001,0.00%
26 Nov. 2021,4.9491,0.0001,0.00%
25 Nov. 2021,4.949,-0.0001,0.00%
24 Nov. 2021,4.9491,0.0004,0.01%
23 Nov. 2021,4.9487,-0.0004,-0.01%
22 Nov. 2021,4.9491,0.0001,0.00%
19 Nov. 2021,4.949,0.0002,0.00%
18 Nov. 2021,4.9488,-0.0003,-0.01%
17 Nov. 2021,4.9491,0.0004,0.01%
16 Nov. 2021,4.9487,-0.0002,0.00%
15 Nov. 2021,4.9489,0.0013,0.03%
12 Nov. 2021,4.9476,-0.0013,-0.03%
11 Nov. 2021,4.9489,-0.0001,0.00%
10 Nov. 2021,4.949,0.0008,0.02%
9 Nov. 2021,4.9482,-0.0007,-0.01%
8 Nov. 2021,4.9489,0.0004,0.01%
5 Nov. 2021,4.9485,-0.0001,0.00%
4 Nov. 2021,4.9486,-0.0004,-0.01%
3 Nov. 2021,4.949,0.0003,0.01%
2 Nov. 2021,4.9487,-0.0001,0.00%
1 Nov. 2021,4.9488,-0.0001,0.00%
29 Oct. 2021,4.9489,-0.0001,0.00%
28 Oct. 2021,4.949,0.0004,0.01%
27 Oct. 2021,4.9486,0.001,0.02%
26 Oct. 2021,4.9476,0.0004,0.01%
25 Oct. 2021,4.9472,0.0005,0.01%
22 Oct. 2021,4.9467,-0.0003,-0.01%
21 Oct. 2021,4.947,-0.0018,-0.04%
20 Oct. 2021,4.9488,-0.0002,0.00%
19 Oct. 2021,4.949,0.0009,0.02%
18 Oct. 2021,4.9481,-0.0003,-0.01%
15 Oct. 2021,4.9484,-0.0004,-0.01%
14 Oct. 2021,4.9488,-0.0002,0.00%
13 Oct. 2021,4.949,0.0005,0.01%
12 Oct. 2021,4.9485,-0.0001,0.00%
11 Oct. 2021,4.9486,0.0016,0.03%
8 Oct. 2021,4.947,-0.0005,-0.01%
7 Oct. 2021,4.9475,-0.0008,-0.02%
6 Oct. 2021,4.9483,-0.0002,0.00%
5 Oct. 2021,4.9485,0.0016,0.03%
4 Oct. 2021,4.9469,-0.001,-0.02%
1 Oct. 2021,4.9479,0.0008,0.02%
30 Sept. 2021,4.9471,-0.0009,-0.02%
29 Sept. 2021,4.948,-0.0001,0.00%
28 Sept. 2021,4.9481,-0.0007,-0.01%
27 Sept. 2021,4.9488,-0.0003,-0.01%
24 Sept. 2021,4.9491,0.0001,0.00%
23 Sept. 2021,4.949,-0.0005,-0.01%
22 Sept. 2021,4.9495,0.001,0.02%
21 Sept. 2021,4.9485,0.0004,0.01%
20 Sept. 2021,4.9481,0.0008,0.02%
17 Sept. 2021,4.9473,-0.0009,-0.02%
16 Sept. 2021,4.9482,0.0001,0.00%
15 Sept. 2021,4.9481,0.0006,0.01%
14 Sept. 2021,4.9475,0.0031,0.06%
13 Sept. 2021,4.9444,0.0012,0.02%
10 Sept. 2021,4.9432,-0.005,-0.10%
9 Sept. 2021,4.9482,0.0003,0.01%
8 Sept. 2021,4.9479,-0.0009,-0.02%
7 Sept. 2021,4.9488,0.0013,0.03%
6 Sept. 2021,4.9475,0.0059,0.12%
3 Sept. 2021,4.9416,0.003,0.06%
2 Sept. 2021,4.9386,0.0041,0.08%
1 Sept. 2021,4.9345,-0.0003,-0.01%
31 Aug. 2021,4.9348,-0.0001,0.00%
30 Aug. 2021,4.9349,0.0015,0.03%
27 Aug. 2021,4.9334,0.0028,0.06%
26 Aug. 2021,4.9306,0.0022,0.04%
25 Aug. 2021,4.9284,-0.0002,0.00%
24 Aug. 2021,4.9286,-0.0049,-0.10%
23 Aug. 2021,4.9335,-0.0003,-0.01%
20 Aug. 2021,4.9338,0.006,0.12%
19 Aug. 2021,4.9278,0.0019,0.04%
18 Aug. 2021,4.9259,0.0027,0.05%
17 Aug. 2021,4.9232,0.0112,0.23%
16 Aug. 2021,4.912,0.0002,0.00%
13 Aug. 2021,4.9118,-0.003,-0.06%
12 Aug. 2021,4.9148,-0.001,-0.02%
11 Aug. 2021,4.9158,-0.0003,-0.01%
10 Aug. 2021,4.9161,0.003,0.06%
9 Aug. 2021,4.9131,-0.0014,-0.03%
6 Aug. 2021,4.9145,-0.0031,-0.06%
5 Aug. 2021,4.9176,-0.0008,-0.02%
4 Aug. 2021,4.9184,0.0001,0.00%
3 Aug. 2021,4.9183,0.0012,0.02%
2 Aug. 2021,4.9171,-0.0027,-0.05%
30 Iul. 2021,4.9198,-0.0011,-0.02%
29 Iul. 2021,4.9209,0.0012,0.02%
28 Iul. 2021,4.9197,0.0003,0.01%
27 Iul. 2021,4.9194,-0.0014,-0.03%
26 Iul. 2021,4.9208,-0.0011,-0.02%
23 Iul. 2021,4.9219,-0.0022,-0.04%
22 Iul. 2021,4.9241,-0.0006,-0.01%
21 Iul. 2021,4.9247,-0.0006,-0.01%
20 Iul. 2021,4.9253,-0.0009,-0.02%
19 Iul. 2021,4.9262,-0.0012,-0.02%
16 Iul. 2021,4.9274,-0.0003,-0.01%
15 Iul. 2021,4.9277,-0.0006,-0.01%
14 Iul. 2021,4.9283,0.0005,0.01%
13 Iul. 2021,4.9278,0.0003,0.01%
12 Iul. 2021,4.9275,-0.0006,-0.01%
9 Iul. 2021,4.9281,0.0013,0.03%
8 Iul. 2021,4.9268,-0.0002,0.00%
7 Iul. 2021,4.927,0.0005,0.01%
6 Iul. 2021,4.9265,-0.0001,0.00%
5 Iul. 2021,4.9266,-0.0003,-0.01%
2 Iul. 2021,4.9269,0.0008,0.02%
1 Iul. 2021,4.9261,-0.0006,-0.01%
30 Iun. 2021,4.9267,0.0005,0.01%
29 Iun. 2021,4.9262,0.0002,0.00%
28 Iun. 2021,4.926,0.0006,0.01%
25 Iun. 2021,4.9254,0.0012,0.02%
24 Iun. 2021,4.9242,-0.0017,-0.03%
23 Iun. 2021,4.9259,0.0006,0.01%
22 Iun. 2021,4.9253,0.0003,0.01%
18 Iun. 2021,4.925,0.0008,0.02%
17 Iun. 2021,4.9242,0.0001,0.00%
16 Iun. 2021,4.9241,-0.0002,0.00%
15 Iun. 2021,4.9243,0.0055,0.11%
14 Iun. 2021,4.9188,-0.0014,-0.03%
11 Iun. 2021,4.9202,-0.0016,-0.03%
10 Iun. 2021,4.9218,-0.0014,-0.03%
9 Iun. 2021,4.9232,0.0003,0.01%
8 Iun. 2021,4.9229,-0.0001,0.00%
7 Iun. 2021,4.923,0.0002,0.00%
4 Iun. 2021,4.9228,0.0001,0.00%
3 Iun. 2021,4.9227,0.003,0.06%
2 Iun. 2021,4.9197,-0.0001,0.00%
31 Mai 2021,4.9198,0.0008,0.02%
28 Mai 2021,4.919,0.003,0.06%
27 Mai 2021,4.916,-0.0065,-0.13%
26 Mai 2021,4.9225,-0.0021,-0.04%
25 Mai 2021,4.9246,-0.0015,-0.03%
24 Mai 2021,4.9261,-0.0007,-0.01%
21 Mai 2021,4.9268,0.0003,0.01%
20 Mai 2021,4.9265,-0.0002,0.00%
19 Mai 2021,4.9267,-0.0001,0.00%
18 Mai 2021,4.9268,0.0012,0.02%
17 Mai 2021,4.9256,0.0003,0.01%
14 Mai 2021,4.9253,-0.0012,-0.02%
13 Mai 2021,4.9265,0.0002,0.00%
12 Mai 2021,4.9263,-0.0002,0.00%
11 Mai 2021,4.9265,0.0006,0.01%
10 Mai 2021,4.9259,-0.0003,-0.01%
7 Mai 2021,4.9262,-0.0004,-0.01%
6 Mai 2021,4.9266,0.0012,0.02%
5 Mai 2021,4.9254,-0.0002,0.00%
4 Mai 2021,4.9256,0.0009,0.02%
29 Apr. 2021,4.9247,-0.0023,-0.05%
28 Apr. 2021,4.927,0.001,0.02%
27 Apr. 2021,4.926,0.0022,0.04%
26 Apr. 2021,4.9238,-0.0019,-0.04%
23 Apr. 2021,4.9257,0.0002,0.00%
22 Apr. 2021,4.9255,-0.0005,-0.01%
21 Apr. 2021,4.926,-0.0019,-0.04%
20 Apr. 2021,4.9279,0.0018,0.04%
19 Apr. 2021,4.9261,0.0018,0.04%
16 Apr. 2021,4.9243,-0.0002,0.00%
15 Apr. 2021,4.9245,0.0019,0.04%
14 Apr. 2021,4.9226,0.0001,0.00%
13 Apr. 2021,4.9225,0.002,0.04%
12 Apr. 2021,4.9205,-0.0007,-0.01%
9 Apr. 2021,4.9212,-0.0016,-0.03%
8 Apr. 2021,4.9228,0.006,0.12%
7 Apr. 2021,4.9168,-0.0002,0.00%
6 Apr. 2021,4.917,0.0009,0.02%
5 Apr. 2021,4.9161,0.0055,0.11%
2 Apr. 2021,4.9106,-0.0011,-0.02%
1 Apr. 2021,4.9117,-0.0134,-0.27%
31 Mart. 2021,4.9251,0.0095,0.19%
30 Mart. 2021,4.9156,0.0184,0.38%
29 Mart. 2021,4.8972,0.0103,0.21%
26 Mart. 2021,4.8869,0.0005,0.01%
25 Mart. 2021,4.8864,-0.0022,-0.05%
24 Mart. 2021,4.8886,-0.0002,0.00%
23 Mart. 2021,4.8888,0.0038,0.08%
22 Mart. 2021,4.885,-0.0008,-0.02%
19 Mart. 2021,4.8858,-0.0018,-0.04%
18 Mart. 2021,4.8876,-0.0003,-0.01%
17 Mart. 2021,4.8879,0.0018,0.04%
16 Mart. 2021,4.8861,0.0015,0.03%
15 Mart. 2021,4.8846,-0.0008,-0.02%
12 Mart. 2021,4.8854,0,0%
11 Mart. 2021,4.8854,-0.0009,-0.02%
10 Mart. 2021,4.8863,0.0014,0.03%
9 Mart. 2021,4.8849,0.0011,0.02%
8 Mart. 2021,4.8838,0.0007,0.01%
5 Mart. 2021,4.8831,0.0047,0.10%
4 Mart. 2021,4.8784,0.0016,0.03%
3 Mart. 2021,4.8768,0.0021,0.04%
2 Mart. 2021,4.8747,0.0003,0.01%
1 Mart. 2021,4.8744,-0.0001,0.00%
26 Feb. 2021,4.8745,0.002,0.04%
25 Feb. 2021,4.8725,-0.0018,-0.04%
24 Feb. 2021,4.8743,-0.0002,0.00%
23 Feb. 2021,4.8745,-0.0001,0.00%
22 Feb. 2021,4.8746,-0.0001,0.00%
19 Feb. 2021,4.8747,-0.0001,0.00%
18 Feb. 2021,4.8748,0.0002,0.00%
17 Feb. 2021,4.8746,-0.0001,0.00%
16 Feb. 2021,4.8747,0.0002,0.00%
15 Feb. 2021,4.8745,0.0002,0.00%
12 Feb. 2021,4.8743,0.0002,0.00%
11 Feb. 2021,4.8741,-0.0003,-0.01%
10 Feb. 2021,4.8744,-0.0001,0.00%
9 Feb. 2021,4.8745,0.0005,0.01%
8 Feb. 2021,4.874,-0.0004,-0.01%
5 Feb. 2021,4.8744,0.0002,0.00%
4 Feb. 2021,4.8742,0.0029,0.06%
3 Feb. 2021,4.8713,-0.0026,-0.05%
2 Feb. 2021,4.8739,0.0011,0.02%
1 Feb. 2021,4.8728,-0.0015,-0.03%
29 Ian. 2021,4.8743,0.0001,0.00%
28 Ian. 2021,4.8742,-0.0003,-0.01%
27 Ian. 2021,4.8745,-0.0001,0.00%
26 Ian. 2021,4.8746,0.0002,0.00%
25 Ian. 2021,4.8744,0.0004,0.01%
22 Ian. 2021,4.874,0.0002,0.00%
21 Ian. 2021,4.8738,-0.0003,-0.01%
20 Ian. 2021,4.8741,-0.0001,0.00%
19 Ian. 2021,4.8742,0.0002,0.00%
18 Ian. 2021,4.874,0.0003,0.01%
15 Ian. 2021,4.8737,0.0009,0.02%
14 Ian. 2021,4.8728,-0.001,-0.02%
13 Ian. 2021,4.8738,0.0023,0.05%
12 Ian. 2021,4.8715,0.0006,0.01%
11 Ian. 2021,4.8709,0.0005,0.01%
8 Ian. 2021,4.8704,0.0003,0.01%
7 Ian. 2021,4.8701,0.0001,0.00%
6 Ian. 2021,4.87,-0.001,-0.02%
5 Ian. 2021,4.871,0.0019,0.04%
4 Ian. 2021,4.8691,-0.0003,-0.01%
31 Dec. 2020,4.8694,-0.005,-0.10%
30 Dec. 2020,4.8744,0.0001,0.00%
29 Dec. 2020,4.8743,0.0008,0.02%
28 Dec. 2020,4.8735,0.0015,0.03%
24 Dec. 2020,4.872,0.0015,0.03%
23 Dec. 2020,4.8705,0.0056,0.12%
22 Dec. 2020,4.8649,-0.0014,-0.03%
21 Dec. 2020,4.8663,-0.0014,-0.03%
18 Dec. 2020,4.8677,-0.002,-0.04%
17 Dec. 2020,4.8697,0.0013,0.03%
16 Dec. 2020,4.8684,-0.0002,0.00%
15 Dec. 2020,4.8686,-0.0044,-0.09%
14 Dec. 2020,4.873,0.0037,0.08%
11 Dec. 2020,4.8693,0.0001,0.00%
10 Dec. 2020,4.8692,0.0012,0.02%
9 Dec. 2020,4.868,-0.0055,-0.11%
8 Dec. 2020,4.8735,0.0002,0.00%
7 Dec. 2020,4.8733,0.0008,0.02%
4 Dec. 2020,4.8725,-0.0011,-0.02%
3 Dec. 2020,4.8736,0.0015,0.03%
2 Dec. 2020,4.8721,-0.0014,-0.03%
27 Nov. 2020,4.8735,-0.0003,-0.01%
26 Nov. 2020,4.8738,0.0008,0.02%
25 Nov. 2020,4.873,0.0027,0.06%
24 Nov. 2020,4.8703,-0.0029,-0.06%
23 Nov. 2020,4.8732,0.0002,0.00%
20 Nov. 2020,4.873,0.0001,0.00%
19 Nov. 2020,4.8729,0.0004,0.01%
18 Nov. 2020,4.8725,-0.0004,-0.01%
17 Nov. 2020,4.8729,0.0014,0.03%
16 Nov. 2020,4.8715,0.0025,0.05%
13 Nov. 2020,4.869,0.0004,0.01%
12 Nov. 2020,4.8686,0.0008,0.02%
11 Nov. 2020,4.8678,0.0011,0.02%
10 Nov. 2020,4.8667,-0.0007,-0.01%
9 Nov. 2020,4.8674,0.0006,0.01%
6 Nov. 2020,4.8668,0.0011,0.02%
5 Nov. 2020,4.8657,-0.0015,-0.03%
4 Nov. 2020,4.8672,-0.0003,-0.01%
3 Nov. 2020,4.8675,0.0032,0.07%
2 Nov. 2020,4.8643,-0.01,-0.21%
30 Oct. 2020,4.8743,-0.0004,-0.01%
29 Oct. 2020,4.8747,0.0001,0.00%
28 Oct. 2020,4.8746,0.0005,0.01%
27 Oct. 2020,4.8741,0.001,0.02%
26 Oct. 2020,4.8731,-0.0013,-0.03%
23 Oct. 2020,4.8744,0.0014,0.03%
22 Oct. 2020,4.873,-0.0007,-0.01%
21 Oct. 2020,4.8737,-0.0001,0.00%
20 Oct. 2020,4.8738,-0.0008,-0.02%
19 Oct. 2020,4.8746,0.0009,0.02%
16 Oct. 2020,4.8737,0.0001,0.00%
15 Oct. 2020,4.8736,0.0002,0.00%
14 Oct. 2020,4.8734,-0.0005,-0.01%
13 Oct. 2020,4.8739,0.0021,0.04%
12 Oct. 2020,4.8718,-0.0002,0.00%
9 Oct. 2020,4.872,-0.0021,-0.04%
8 Oct. 2020,4.8741,0.0012,0.02%
7 Oct. 2020,4.8729,-0.0013,-0.03%
6 Oct. 2020,4.8742,0.0047,0.10%
5 Oct. 2020,4.8695,-0.0023,-0.05%
2 Oct. 2020,4.8718,-0.0003,-0.01%
1 Oct. 2020,4.8721,0.0023,0.05%
30 Sept. 2020,4.8698,-0.004,-0.08%
29 Sept. 2020,4.8738,0.0033,0.07%
28 Sept. 2020,4.8705,-0.0045,-0.09%
25 Sept. 2020,4.875,0.0028,0.06%
24 Sept. 2020,4.8722,0.0081,0.17%
23 Sept. 2020,4.8641,0.0051,0.11%
22 Sept. 2020,4.859,0.0007,0.01%
21 Sept. 2020,4.8583,0.0001,0.00%
18 Sept. 2020,4.8582,-0.0013,-0.03%
17 Sept. 2020,4.8595,0.0009,0.02%
16 Sept. 2020,4.8586,0.0019,0.04%
15 Sept. 2020,4.8567,-0.0006,-0.01%
14 Sept. 2020,4.8573,0.0006,0.01%
11 Sept. 2020,4.8567,-0.0006,-0.01%
10 Sept. 2020,4.8573,-0.0017,-0.04%
9 Sept. 2020,4.859,0.0045,0.09%
8 Sept. 2020,4.8545,-0.0007,-0.01%
7 Sept. 2020,4.8552,0.006,0.12%
4 Sept. 2020,4.8492,0.005,0.10%
3 Sept. 2020,4.8442,0.0033,0.07%
2 Sept. 2020,4.8409,0.0016,0.03%
1 Sept. 2020,4.8393,-0.0011,-0.02%
31 Aug. 2020,4.8404,0.0017,0.04%
28 Aug. 2020,4.8387,-0.0037,-0.08%
27 Aug. 2020,4.8424,0.002,0.04%
26 Aug. 2020,4.8404,0.0012,0.02%
25 Aug. 2020,4.8392,-0.001,-0.02%
24 Aug. 2020,4.8402,0.0002,0.00%
21 Aug. 2020,4.84,0.0004,0.01%
20 Aug. 2020,4.8396,0.0006,0.01%
19 Aug. 2020,4.839,0.0041,0.08%
18 Aug. 2020,4.8349,0.0005,0.01%
17 Aug. 2020,4.8344,-0.0014,-0.03%
14 Aug. 2020,4.8358,0.0014,0.03%
13 Aug. 2020,4.8344,-0.0013,-0.03%
12 Aug. 2020,4.8357,0.001,0.02%
11 Aug. 2020,4.8347,-0.0012,-0.02%
10 Aug. 2020,4.8359,-0.0016,-0.03%
7 Aug. 2020,4.8375,0.0016,0.03%
6 Aug. 2020,4.8359,0.0023,0.05%
5 Aug. 2020,4.8336,-0.0005,-0.01%
4 Aug. 2020,4.8341,-0.001,-0.02%
3 Aug. 2020,4.8351,0.0035,0.07%
31 Iul. 2020,4.8316,-0.0005,-0.01%
30 Iul. 2020,4.8321,-0.0021,-0.04%
29 Iul. 2020,4.8342,0.0007,0.01%
28 Iul. 2020,4.8335,0.0059,0.12%
27 Iul. 2020,4.8276,-0.0064,-0.13%
24 Iul. 2020,4.834,-0.0013,-0.03%
23 Iul. 2020,4.8353,-0.0048,-0.10%
22 Iul. 2020,4.8401,-0.0016,-0.03%
21 Iul. 2020,4.8417,-0.001,-0.02%
20 Iul. 2020,4.8427,-0.0001,0.00%
17 Iul. 2020,4.8428,-0.0001,0.00%
16 Iul. 2020,4.8429,-0.0004,-0.01%
15 Iul. 2020,4.8433,0.0003,0.01%
14 Iul. 2020,4.843,0.0007,0.01%
13 Iul. 2020,4.8423,0.0005,0.01%
10 Iul. 2020,4.8418,0.001,0.02%
9 Iul. 2020,4.8408,0.0002,0.00%
8 Iul. 2020,4.8406,0.0009,0.02%
7 Iul. 2020,4.8397,0.0032,0.07%
6 Iul. 2020,4.8365,-0.0013,-0.03%
3 Iul. 2020,4.8378,0.0059,0.12%
2 Iul. 2020,4.8319,-0.0053,-0.11%
1 Iul. 2020,4.8372,-0.0051,-0.11%
30 Iun. 2020,4.8423,-0.0016,-0.03%
29 Iun. 2020,4.8439,0.0018,0.04%
26 Iun. 2020,4.8421,-0.0001,0.00%
25 Iun. 2020,4.8422,-0.001,-0.02%
24 Iun. 2020,4.8432,0.0004,0.01%
23 Iun. 2020,4.8428,0.0013,0.03%
22 Iun. 2020,4.8415,-0.0006,-0.01%
19 Iun. 2020,4.8421,0.0027,0.06%
18 Iun. 2020,4.8394,0.0044,0.09%
17 Iun. 2020,4.835,-0.001,-0.02%
16 Iun. 2020,4.836,0.0023,0.05%
15 Iun. 2020,4.8337,-0.0003,-0.01%
12 Iun. 2020,4.834,-0.0018,-0.04%
11 Iun. 2020,4.8358,0.002,0.04%
10 Iun. 2020,4.8338,-0.0039,-0.08%
9 Iun. 2020,4.8377,-0.0016,-0.03%
5 Iun. 2020,4.8393,0.0006,0.01%
4 Iun. 2020,4.8387,-0.0011,-0.02%
3 Iun. 2020,4.8398,-0.0021,-0.04%
2 Iun. 2020,4.8419,-0.0007,-0.01%
29 Mai 2020,4.8426,0.0005,0.01%
28 Mai 2020,4.8421,-0.0011,-0.02%
27 Mai 2020,4.8432,0.0017,0.04%
26 Mai 2020,4.8415,0.0019,0.04%
25 Mai 2020,4.8396,-0.0026,-0.05%
22 Mai 2020,4.8422,-0.0003,-0.01%
21 Mai 2020,4.8425,0.0004,0.01%
20 Mai 2020,4.8421,0.0026,0.05%
19 Mai 2020,4.8395,0.0003,0.01%
18 Mai 2020,4.8392,0.0002,0.00%
15 Mai 2020,4.839,0.0014,0.03%
14 Mai 2020,4.8376,0.0027,0.06%
13 Mai 2020,4.8349,0.0052,0.11%
12 Mai 2020,4.8297,0.0002,0.00%
11 Mai 2020,4.8295,0.0017,0.04%
8 Mai 2020,4.8278,0.0036,0.07%
7 Mai 2020,4.8242,-0.0016,-0.03%
6 Mai 2020,4.8258,-0.0032,-0.07%
5 Mai 2020,4.829,-0.0097,-0.20%
4 Mai 2020,4.8387,-0.0034,-0.07%
30 Apr. 2020,4.8421,-0.0004,-0.01%
29 Apr. 2020,4.8425,-0.0011,-0.02%
28 Apr. 2020,4.8436,0.0076,0.16%
27 Apr. 2020,4.836,-0.0052,-0.11%
24 Apr. 2020,4.8412,-0.0002,0.00%
23 Apr. 2020,4.8414,0.0032,0.07%
22 Apr. 2020,4.8382,0.0037,0.08%
21 Apr. 2020,4.8345,-0.0015,-0.03%
16 Apr. 2020,4.836,0.0015,0.03%
15 Apr. 2020,4.8345,0.0018,0.04%
14 Apr. 2020,4.8327,0.003,0.06%
13 Apr. 2020,4.8297,0.002,0.04%
10 Apr. 2020,4.8277,-0.0001,0.00%
9 Apr. 2020,4.8278,-0.006,-0.12%
8 Apr. 2020,4.8338,0.0024,0.05%
7 Apr. 2020,4.8314,0.0034,0.07%
6 Apr. 2020,4.828,-0.0006,-0.01%
3 Apr. 2020,4.8286,-0.0002,0.00%
2 Apr. 2020,4.8288,0.0042,0.09%
1 Apr. 2020,4.8246,-0.0008,-0.02%
31 Mart. 2020,4.8254,-0.0043,-0.09%
30 Mart. 2020,4.8297,-0.0035,-0.07%
27 Mart. 2020,4.8332,-0.0013,-0.03%
26 Mart. 2020,4.8345,-0.0022,-0.05%
25 Mart. 2020,4.8367,-0.0078,-0.16%
24 Mart. 2020,4.8445,0.0002,0.00%
23 Mart. 2020,4.8443,-0.0001,0.00%
20 Mart. 2020,4.8444,0.0004,0.01%
19 Mart. 2020,4.844,0.0002,0.00%
18 Mart. 2020,4.8438,-0.001,-0.02%
17 Mart. 2020,4.8448,0.0206,0.43%
16 Mart. 2020,4.8242,0.0068,0.14%
13 Mart. 2020,4.8174,0.0017,0.04%
12 Mart. 2020,4.8157,-0.001,-0.02%
11 Mart. 2020,4.8167,-0.0003,-0.01%
10 Mart. 2020,4.817,-0.0014,-0.03%
9 Mart. 2020,4.8184,0.0074,0.15%
6 Mart. 2020,4.811,0.0024,0.05%
5 Mart. 2020,4.8086,0.0029,0.06%
4 Mart. 2020,4.8057,-0.0017,-0.04%
3 Mart. 2020,4.8074,-0.0029,-0.06%
2 Mart. 2020,4.8103,-0.0024,-0.05%
28 Feb. 2020,4.8127,0.0059,0.12%
27 Feb. 2020,4.8068,-0.0006,-0.01%
26 Feb. 2020,4.8074,-0.0005,-0.01%
25 Feb. 2020,4.8079,0.0055,0.11%
24 Feb. 2020,4.8024,-0.0002,0.00%
21 Feb. 2020,4.8026,0.0192,0.40%
20 Feb. 2020,4.7834,0.0045,0.09%
19 Feb. 2020,4.7789,-0.0011,-0.02%
18 Feb. 2020,4.78,0.0052,0.11%
17 Feb. 2020,4.7748,0.0054,0.11%
14 Feb. 2020,4.7694,0.0048,0.10%
13 Feb. 2020,4.7646,-0.0016,-0.03%
12 Feb. 2020,4.7662,-0.0034,-0.07%
11 Feb. 2020,4.7696,0.0028,0.06%
10 Feb. 2020,4.7668,0.0026,0.05%
7 Feb. 2020,4.7642,-0.0009,-0.02%
6 Feb. 2020,4.7651,-0.0117,-0.24%
5 Feb. 2020,4.7768,-0.0011,-0.02%
4 Feb. 2020,4.7779,-0.0009,-0.02%
3 Feb. 2020,4.7788,0.0009,0.02%
31 Ian. 2020,4.7779,-0.0011,-0.02%
30 Ian. 2020,4.779,0.0021,0.04%
29 Ian. 2020,4.7769,-0.0018,-0.04%
28 Ian. 2020,4.7787,-0.0011,-0.02%
27 Ian. 2020,4.7798,0.0008,0.02%
23 Ian. 2020,4.779,0.0004,0.01%
22 Ian. 2020,4.7786,-0.0004,-0.01%
21 Ian. 2020,4.779,0.0002,0.00%
20 Ian. 2020,4.7788,-0.0004,-0.01%
17 Ian. 2020,4.7792,-0.0003,-0.01%
16 Ian. 2020,4.7795,-0.0003,-0.01%
15 Ian. 2020,4.7798,0.0004,0.01%
14 Ian. 2020,4.7794,0.0003,0.01%
13 Ian. 2020,4.7791,-0.0004,-0.01%
10 Ian. 2020,4.7795,0.0021,0.04%
9 Ian. 2020,4.7774,-0.0002,0.00%
8 Ian. 2020,4.7776,0.0026,0.05%
7 Ian. 2020,4.775,-0.001,-0.02%
6 Ian. 2020,4.776,-0.0029,-0.06%
3 Ian. 2020,4.7789,-0.0004,-0.01%
31 Dec. 2019,4.7793,0.0008,0.02%
30 Dec. 2019,4.7785,-0.0014,-0.03%
27 Dec. 2019,4.7799,0.0005,0.01%
24 Dec. 2019,4.7794,0.0078,0.16%
23 Dec. 2019,4.7716,-0.002,-0.04%
20 Dec. 2019,4.7736,-0.0004,-0.01%
19 Dec. 2019,4.774,-0.0033,-0.07%
18 Dec. 2019,4.7773,0.0004,0.01%
17 Dec. 2019,4.7769,-0.0012,-0.03%
16 Dec. 2019,4.7781,-0.0005,-0.01%
13 Dec. 2019,4.7786,-0.0005,-0.01%
12 Dec. 2019,4.7791,-0.0003,-0.01%
11 Dec. 2019,4.7794,0.0007,0.01%
10 Dec. 2019,4.7787,0.001,0.02%
9 Dec. 2019,4.7777,-0.0008,-0.02%
6 Dec. 2019,4.7785,0.0021,0.04%
5 Dec. 2019,4.7764,0.002,0.04%
4 Dec. 2019,4.7744,-0.0018,-0.04%
3 Dec. 2019,4.7762,-0.0015,-0.03%
2 Dec. 2019,4.7777,-0.0004,-0.01%
29 Nov. 2019,4.7781,-0.0007,-0.01%
28 Nov. 2019,4.7788,-0.0004,-0.01%
27 Nov. 2019,4.7792,0.0027,0.06%
26 Nov. 2019,4.7765,0.0043,0.09%
25 Nov. 2019,4.7722,-0.0007,-0.01%
22 Nov. 2019,4.7729,-0.0079,-0.17%
21 Nov. 2019,4.7808,0.0032,0.07%
20 Nov. 2019,4.7776,0.0017,0.04%
19 Nov. 2019,4.7759,0.003,0.06%
18 Nov. 2019,4.7729,0.0062,0.13%
15 Nov. 2019,4.7667,-0.0002,0.00%
14 Nov. 2019,4.7669,0.0034,0.07%
13 Nov. 2019,4.7635,0.0016,0.03%
12 Nov. 2019,4.7619,-0.0008,-0.02%
11 Nov. 2019,4.7627,0.0012,0.03%
8 Nov. 2019,4.7615,0.0018,0.04%
7 Nov. 2019,4.7597,-0.0029,-0.06%
6 Nov. 2019,4.7626,0.0086,0.18%
5 Nov. 2019,4.754,-0.001,-0.02%
4 Nov. 2019,4.755,0.0005,0.01%
1 Nov. 2019,4.7545,-0.0031,-0.07%
31 Oct. 2019,4.7576,0.0004,0.01%
30 Oct. 2019,4.7572,0.0005,0.01%
29 Oct. 2019,4.7567,-0.0002,0.00%
28 Oct. 2019,4.7569,0.0006,0.01%
25 Oct. 2019,4.7563,0.0035,0.07%
24 Oct. 2019,4.7528,-0.0072,-0.15%
23 Oct. 2019,4.76,-0.0001,0.00%
22 Oct. 2019,4.7601,0.0009,0.02%
21 Oct. 2019,4.7592,0.0036,0.08%
18 Oct. 2019,4.7556,0.0006,0.01%
17 Oct. 2019,4.755,0.0013,0.03%
16 Oct. 2019,4.7537,0.0013,0.03%
15 Oct. 2019,4.7524,-0.0012,-0.03%
14 Oct. 2019,4.7536,-0.0046,-0.10%
11 Oct. 2019,4.7582,0.0084,0.18%
10 Oct. 2019,4.7498,-0.0004,-0.01%
9 Oct. 2019,4.7502,0.0023,0.05%
8 Oct. 2019,4.7479,0.0007,0.01%
7 Oct. 2019,4.7472,-0.0011,-0.02%
4 Oct. 2019,4.7483,0,0%
3 Oct. 2019,4.7483,-0.0016,-0.03%
2 Oct. 2019,4.7499,-0.0013,-0.03%
1 Oct. 2019,4.7512,0.0001,0.00%
30 Sept. 2019,4.7511,0.0006,0.01%
27 Sept. 2019,4.7505,0.0045,0.09%
26 Sept. 2019,4.746,0.0021,0.04%
25 Sept. 2019,4.7439,-0.0046,-0.10%
24 Sept. 2019,4.7485,-0.0006,-0.01%
23 Sept. 2019,4.7491,0.0059,0.12%
20 Sept. 2019,4.7432,0.0017,0.04%
19 Sept. 2019,4.7415,0.0061,0.13%
18 Sept. 2019,4.7354,0.0002,0.00%
17 Sept. 2019,4.7352,0.0012,0.03%
16 Sept. 2019,4.734,-0.0014,-0.03%
13 Sept. 2019,4.7354,-0.0009,-0.02%
12 Sept. 2019,4.7363,0.0023,0.05%
11 Sept. 2019,4.734,0.0022,0.05%
10 Sept. 2019,4.7318,-0.0002,0.00%
9 Sept. 2019,4.732,-0.0012,-0.03%
6 Sept. 2019,4.7332,0.0032,0.07%
5 Sept. 2019,4.73,0.0028,0.06%
4 Sept. 2019,4.7272,-0.0001,0.00%
3 Sept. 2019,4.7273,0.0043,0.09%
2 Sept. 2019,4.723,-0.0064,-0.14%
30 Aug. 2019,4.7294,0.0017,0.04%
29 Aug. 2019,4.7277,-0.0028,-0.06%
28 Aug. 2019,4.7305,-0.0017,-0.04%
27 Aug. 2019,4.7322,0.0071,0.15%
26 Aug. 2019,4.7251,0.0035,0.07%
23 Aug. 2019,4.7216,-0.0044,-0.09%
22 Aug. 2019,4.726,-0.0014,-0.03%
21 Aug. 2019,4.7274,-0.0031,-0.07%
20 Aug. 2019,4.7305,0.0021,0.04%
19 Aug. 2019,4.7284,0.001,0.02%
16 Aug. 2019,4.7274,0.0058,0.12%
14 Aug. 2019,4.7216,-0.0054,-0.11%
13 Aug. 2019,4.727,0.0005,0.01%
12 Aug. 2019,4.7265,-0.0008,-0.02%
9 Aug. 2019,4.7273,-0.0034,-0.07%
8 Aug. 2019,4.7307,-0.0002,0.00%
7 Aug. 2019,4.7309,-0.0002,0.00%
6 Aug. 2019,4.7311,-0.0023,-0.05%
5 Aug. 2019,4.7334,-0.0006,-0.01%
2 Aug. 2019,4.734,0.0023,0.05%
1 Aug. 2019,4.7317,-0.0019,-0.04%
31 Iul. 2019,4.7336,0.0035,0.07%
30 Iul. 2019,4.7301,0.0023,0.05%
29 Iul. 2019,4.7278,0.0005,0.01%
26 Iul. 2019,4.7273,0.0055,0.12%
25 Iul. 2019,4.7218,0.0024,0.05%
24 Iul. 2019,4.7194,-0.001,-0.02%
23 Iul. 2019,4.7204,-0.0027,-0.06%
22 Iul. 2019,4.7231,-0.0084,-0.18%
19 Iul. 2019,4.7315,-0.0011,-0.02%
18 Iul. 2019,4.7326,-0.0019,-0.04%
17 Iul. 2019,4.7345,0.0005,0.01%
16 Iul. 2019,4.734,0.002,0.04%
15 Iul. 2019,4.732,0.0003,0.01%
12 Iul. 2019,4.7317,-0.0022,-0.05%
11 Iul. 2019,4.7339,0.0002,0.00%
10 Iul. 2019,4.7337,0.0068,0.14%
9 Iul. 2019,4.7269,0.0055,0.12%
8 Iul. 2019,4.7214,-0.0031,-0.07%
5 Iul. 2019,4.7245,0.0005,0.01%
4 Iul. 2019,4.724,-0.0116,-0.25%
3 Iul. 2019,4.7356,0.0004,0.01%
2 Iul. 2019,4.7352,0.0024,0.05%
1 Iul. 2019,4.7328,-0.0023,-0.05%
28 Iun. 2019,4.7351,0.0127,0.27%
27 Iun. 2019,4.7224,0.0025,0.05%
26 Iun. 2019,4.7199,-0.0006,-0.01%
25 Iun. 2019,4.7205,-0.0018,-0.04%
24 Iun. 2019,4.7223,-0.001,-0.02%
21 Iun. 2019,4.7233,-0.0054,-0.11%
20 Iun. 2019,4.7287,0.0027,0.06%
19 Iun. 2019,4.726,0.0011,0.02%
18 Iun. 2019,4.7249,0.0021,0.04%
14 Iun. 2019,4.7228,0.0001,0.00%
13 Iun. 2019,4.7227,-0.0002,0.00%
12 Iun. 2019,4.7229,-0.0003,-0.01%
11 Iun. 2019,4.7232,0.005,0.11%
10 Iun. 2019,4.7182,-0.0008,-0.02%
7 Iun. 2019,4.719,0.0007,0.01%
6 Iun. 2019,4.7183,-0.0112,-0.24%
5 Iun. 2019,4.7295,-0.0053,-0.11%
4 Iun. 2019,4.7348,-0.0102,-0.22%
3 Iun. 2019,4.745,-0.0037,-0.08%
31 Mai 2019,4.7487,-0.0095,-0.20%
30 Mai 2019,4.7582,-0.0025,-0.05%
29 Mai 2019,4.7607,-0.0012,-0.03%
28 Mai 2019,4.7619,0.0018,0.04%
27 Mai 2019,4.7601,-0.0011,-0.02%
24 Mai 2019,4.7612,0.0011,0.02%
23 Mai 2019,4.7601,-0.0024,-0.05%
22 Mai 2019,4.7625,-0.0002,0.00%
21 Mai 2019,4.7627,0.002,0.04%
20 Mai 2019,4.7607,-0.0014,-0.03%
17 Mai 2019,4.7621,0.0005,0.01%
16 Mai 2019,4.7616,0.0001,0.00%
15 Mai 2019,4.7615,-0.0001,0.00%
14 Mai 2019,4.7616,0.0009,0.02%
13 Mai 2019,4.7607,0.0023,0.05%
10 Mai 2019,4.7584,-0.0015,-0.03%
9 Mai 2019,4.7599,0.0021,0.04%
8 Mai 2019,4.7578,-0.0008,-0.02%
7 Mai 2019,4.7586,0.0034,0.07%
6 Mai 2019,4.7552,-0.0009,-0.02%
3 Mai 2019,4.7561,-0.0018,-0.04%
2 Mai 2019,4.7579,-0.0003,-0.01%
30 Apr. 2019,4.7582,0.0001,0.00%
25 Apr. 2019,4.7581,0.0021,0.04%
24 Apr. 2019,4.756,-0.0021,-0.04%
23 Apr. 2019,4.7581,-0.0003,-0.01%
22 Apr. 2019,4.7584,-0.0023,-0.05%
19 Apr. 2019,4.7607,-0.0012,-0.03%
18 Apr. 2019,4.7619,-0.0003,-0.01%
17 Apr. 2019,4.7622,0.0023,0.05%
16 Apr. 2019,4.7599,-0.002,-0.04%
15 Apr. 2019,4.7619,0.0032,0.07%
12 Apr. 2019,4.7587,-0.0009,-0.02%
11 Apr. 2019,4.7596,-0.0015,-0.03%
10 Apr. 2019,4.7611,0.0085,0.18%
9 Apr. 2019,4.7526,0.0019,0.04%
8 Apr. 2019,4.7507,-0.0001,0.00%
5 Apr. 2019,4.7508,-0.0034,-0.07%
4 Apr. 2019,4.7542,-0.0043,-0.09%
3 Apr. 2019,4.7585,-0.0029,-0.06%
2 Apr. 2019,4.7614,-0.0011,-0.02%
1 Apr. 2019,4.7625,-0.0003,-0.01%
29 Mart. 2019,4.7628,0.0025,0.05%
28 Mart. 2019,4.7603,-0.0017,-0.04%
27 Mart. 2019,4.762,0.0056,0.12%
26 Mart. 2019,4.7564,0.0026,0.05%
25 Mart. 2019,4.7538,0.0029,0.06%
22 Mart. 2019,4.7509,-0.0049,-0.10%
21 Mart. 2019,4.7558,-0.0049,-0.10%
20 Mart. 2019,4.7607,0.0043,0.09%
19 Mart. 2019,4.7564,0.0039,0.08%
18 Mart. 2019,4.7525,-0.0044,-0.09%
15 Mart. 2019,4.7569,-0.0071,-0.15%
14 Mart. 2019,4.764,0.0008,0.02%
13 Mart. 2019,4.7632,0.0064,0.13%
12 Mart. 2019,4.7568,0.0052,0.11%
11 Mart. 2019,4.7516,0.0106,0.22%
8 Mart. 2019,4.741,-0.0038,-0.08%
7 Mart. 2019,4.7448,-0.0025,-0.05%
6 Mart. 2019,4.7473,-0.0033,-0.07%
5 Mart. 2019,4.7506,0.0109,0.23%
4 Mart. 2019,4.7397,-0.0036,-0.08%
1 Mart. 2019,4.7433,0.0017,0.04%
28 Feb. 2019,4.7416,0.0008,0.02%
27 Feb. 2019,4.7408,-0.0209,-0.44%
26 Feb. 2019,4.7617,0.0023,0.05%
25 Feb. 2019,4.7594,-0.0025,-0.05%
22 Feb. 2019,4.7619,0.006,0.13%
21 Feb. 2019,4.7559,-0.0017,-0.04%
20 Feb. 2019,4.7576,0.0096,0.20%
19 Feb. 2019,4.748,0.0079,0.17%
18 Feb. 2019,4.7401,0.0018,0.04%
15 Feb. 2019,4.7383,-0.0068,-0.14%
14 Feb. 2019,4.7451,0.0016,0.03%
13 Feb. 2019,4.7435,0.0023,0.05%
12 Feb. 2019,4.7412,-0.0025,-0.05%
11 Feb. 2019,4.7437,-0.0008,-0.02%
8 Feb. 2019,4.7445,0.0054,0.11%
7 Feb. 2019,4.7391,-0.0036,-0.08%
6 Feb. 2019,4.7427,-0.0013,-0.03%
5 Feb. 2019,4.744,-0.0106,-0.22%
4 Feb. 2019,4.7546,0.0029,0.06%
1 Feb. 2019,4.7517,0.0169,0.36%
31 Ian. 2019,4.7348,-0.0207,-0.44%
30 Ian. 2019,4.7555,-0.0046,-0.10%
29 Ian. 2019,4.7601,-0.0027,-0.06%
28 Ian. 2019,4.7628,-0.002,-0.04%
25 Ian. 2019,4.7648,0.0079,0.17%
23 Ian. 2019,4.7569,0.0427,0.91%
22 Ian. 2019,4.7142,0.0061,0.13%
21 Ian. 2019,4.7081,0.0106,0.23%
18 Ian. 2019,4.6975,0.0085,0.18%
17 Ian. 2019,4.689,0.006,0.13%
16 Ian. 2019,4.683,0.0008,0.02%
15 Ian. 2019,4.6822,0.0051,0.11%
14 Ian. 2019,4.6771,-0.0011,-0.02%
11 Ian. 2019,4.6782,0.0018,0.04%
10 Ian. 2019,4.6764,0.0042,0.09%
9 Ian. 2019,4.6722,0.0052,0.11%
8 Ian. 2019,4.667,0.0036,0.08%
7 Ian. 2019,4.6634,-0.0013,-0.03%
4 Ian. 2019,4.6647,-0.0009,-0.02%
3 Ian. 2019,4.6656,0.0017,0.04%
31 Dec. 2018,4.6639,0.0058,0.12%
28 Dec. 2018,4.6581,0.011,0.24%
27 Dec. 2018,4.6471,0.0058,0.13%
24 Dec. 2018,4.6413,-0.0045,-0.10%
21 Dec. 2018,4.6458,-0.014,-0.30%
20 Dec. 2018,4.6598,0.0027,0.06%
19 Dec. 2018,4.6571,0.0093,0.20%
18 Dec. 2018,4.6478,-0.0072,-0.15%
17 Dec. 2018,4.655,0.001,0.02%
14 Dec. 2018,4.654,0.0055,0.12%
13 Dec. 2018,4.6485,-0.012,-0.26%
12 Dec. 2018,4.6605,0.0077,0.17%
11 Dec. 2018,4.6528,0.0033,0.07%
10 Dec. 2018,4.6495,0.0015,0.03%
7 Dec. 2018,4.648,-0.0076,-0.16%
6 Dec. 2018,4.6556,0.0014,0.03%
5 Dec. 2018,4.6542,0.0023,0.05%
4 Dec. 2018,4.6519,-0.0047,-0.10%
3 Dec. 2018,4.6566,0.0006,0.01%
29 Nov. 2018,4.656,-0.002,-0.04%
28 Nov. 2018,4.658,-0.0019,-0.04%
27 Nov. 2018,4.6599,0.0014,0.03%
26 Nov. 2018,4.6585,0.0001,0.00%
23 Nov. 2018,4.6584,0.0031,0.07%
22 Nov. 2018,4.6553,-0.0091,-0.20%
21 Nov. 2018,4.6644,-0.0018,-0.04%
20 Nov. 2018,4.6662,0.0012,0.03%
19 Nov. 2018,4.665,0.0011,0.02%
16 Nov. 2018,4.6639,0.0004,0.01%
15 Nov. 2018,4.6635,0.0045,0.10%
14 Nov. 2018,4.659,-0.0009,-0.02%
13 Nov. 2018,4.6599,0.0013,0.03%
12 Nov. 2018,4.6586,-0.0002,0.00%
9 Nov. 2018,4.6588,-0.0042,-0.09%
8 Nov. 2018,4.663,0.0013,0.03%
7 Nov. 2018,4.6617,-0.0023,-0.05%
6 Nov. 2018,4.664,0.0028,0.06%
5 Nov. 2018,4.6612,-0.0009,-0.02%
2 Nov. 2018,4.6621,-0.0018,-0.04%
1 Nov. 2018,4.6639,-0.0029,-0.06%
31 Oct. 2018,4.6668,0.0003,0.01%
30 Oct. 2018,4.6665,0.0037,0.08%
29 Oct. 2018,4.6628,-0.0002,0.00%
26 Oct. 2018,4.663,0.0008,0.02%
25 Oct. 2018,4.6622,0.0032,0.07%
24 Oct. 2018,4.659,-0.008,-0.17%
23 Oct. 2018,4.667,-0.0001,0.00%
22 Oct. 2018,4.6671,0.0002,0.00%
19 Oct. 2018,4.6669,0.0011,0.02%
18 Oct. 2018,4.6658,-0.0009,-0.02%
17 Oct. 2018,4.6667,-0.001,-0.02%
16 Oct. 2018,4.6677,0.0014,0.03%
15 Oct. 2018,4.6663,0.0073,0.16%
12 Oct. 2018,4.659,-0.0084,-0.18%
11 Oct. 2018,4.6674,0.0046,0.10%
10 Oct. 2018,4.6628,-0.004,-0.09%
9 Oct. 2018,4.6668,-0.0003,-0.01%
8 Oct. 2018,4.6671,-0.0014,-0.03%
5 Oct. 2018,4.6685,0.0001,0.00%
4 Oct. 2018,4.6684,0.0041,0.09%
3 Oct. 2018,4.6643,-0.0015,-0.03%
2 Oct. 2018,4.6658,0.0062,0.13%
1 Oct. 2018,4.6596,-0.0041,-0.09%
28 Sept. 2018,4.6637,-0.001,-0.02%
27 Sept. 2018,4.6647,0.0042,0.09%
26 Sept. 2018,4.6605,0.0002,0.00%
25 Sept. 2018,4.6603,0.0025,0.05%
24 Sept. 2018,4.6578,0.0019,0.04%
21 Sept. 2018,4.6559,0.004,0.09%
20 Sept. 2018,4.6519,-0.0005,-0.01%
19 Sept. 2018,4.6524,0.0046,0.10%
18 Sept. 2018,4.6478,0.0043,0.09%
17 Sept. 2018,4.6435,0.0005,0.01%
14 Sept. 2018,4.643,0.0039,0.08%
13 Sept. 2018,4.6391,-0.0002,0.00%
12 Sept. 2018,4.6393,0.0068,0.15%
11 Sept. 2018,4.6325,-0.0007,-0.02%
10 Sept. 2018,4.6332,-0.0078,-0.17%
7 Sept. 2018,4.641,0.0027,0.06%
6 Sept. 2018,4.6383,0.0014,0.03%
5 Sept. 2018,4.6369,0.0048,0.10%
4 Sept. 2018,4.6321,-0.0054,-0.12%
3 Sept. 2018,4.6375,-0.0065,-0.14%
31 Aug. 2018,4.644,0.001,0.02%
30 Aug. 2018,4.643,-0.0059,-0.13%
29 Aug. 2018,4.6489,0.0015,0.03%
28 Aug. 2018,4.6474,0.0058,0.13%
27 Aug. 2018,4.6416,0.0039,0.08%
24 Aug. 2018,4.6377,-0.0113,-0.24%
23 Aug. 2018,4.649,0.0045,0.10%
22 Aug. 2018,4.6445,0.0011,0.02%
21 Aug. 2018,4.6434,-0.0049,-0.11%
20 Aug. 2018,4.6483,-0.0086,-0.18%
17 Aug. 2018,4.6569,-0.0017,-0.04%
16 Aug. 2018,4.6586,-0.0004,-0.01%
14 Aug. 2018,4.659,-0.0017,-0.04%
13 Aug. 2018,4.6607,0.004,0.09%
10 Aug. 2018,4.6567,0.014,0.30%
9 Aug. 2018,4.6427,0.0001,0.00%
8 Aug. 2018,4.6426,-0.0002,0.00%
7 Aug. 2018,4.6428,0.0178,0.38%
6 Aug. 2018,4.625,0.0044,0.10%
3 Aug. 2018,4.6206,-0.0011,-0.02%
2 Aug. 2018,4.6217,-0.0038,-0.08%
1 Aug. 2018,4.6255,-0.0028,-0.06%
31 Iul. 2018,4.6283,0.0035,0.08%
30 Iul. 2018,4.6248,-0.0067,-0.14%
27 Iul. 2018,4.6315,0.0042,0.09%
26 Iul. 2018,4.6273,-0.0009,-0.02%
25 Iul. 2018,4.6282,-0.0085,-0.18%
24 Iul. 2018,4.6367,-0.0145,-0.31%
23 Iul. 2018,4.6512,-0.005,-0.11%
20 Iul. 2018,4.6562,0.0013,0.03%
19 Iul. 2018,4.6549,0.0008,0.02%
18 Iul. 2018,4.6541,-0.0031,-0.07%
17 Iul. 2018,4.6572,0.0022,0.05%
16 Iul. 2018,4.655,-0.0039,-0.08%
13 Iul. 2018,4.6589,-0.0007,-0.02%
12 Iul. 2018,4.6596,-0.0011,-0.02%
11 Iul. 2018,4.6607,0.002,0.04%
10 Iul. 2018,4.6587,-0.0003,-0.01%
9 Iul. 2018,4.659,-0.0026,-0.06%
6 Iul. 2018,4.6616,-0.0003,-0.01%
5 Iul. 2018,4.6619,0.0002,0.00%
4 Iul. 2018,4.6617,0.0063,0.14%
3 Iul. 2018,4.6554,-0.0056,-0.12%
2 Iul. 2018,4.661,-0.0001,0.00%
29 Iun. 2018,4.6611,0.0042,0.09%
28 Iun. 2018,4.6569,0.0032,0.07%
27 Iun. 2018,4.6537,-0.0083,-0.18%
26 Iun. 2018,4.662,-0.0045,-0.10%
25 Iun. 2018,4.6665,-0.0021,-0.05%
22 Iun. 2018,4.6686,-0.0009,-0.02%
21 Iun. 2018,4.6695,0.0035,0.08%
20 Iun. 2018,4.666,-0.0003,-0.01%
19 Iun. 2018,4.6663,0.0001,0.00%
18 Iun. 2018,4.6662,0.0044,0.09%
15 Iun. 2018,4.6618,-0.0038,-0.08%
14 Iun. 2018,4.6656,0.0009,0.02%
13 Iun. 2018,4.6647,0.006,0.13%
12 Iun. 2018,4.6587,0.0001,0.00%
11 Iun. 2018,4.6586,0.0004,0.01%
8 Iun. 2018,4.6582,0.0018,0.04%
7 Iun. 2018,4.6564,0.0051,0.11%
6 Iun. 2018,4.6513,-0.0018,-0.04%
5 Iun. 2018,4.6531,-0.0035,-0.08%
4 Iun. 2018,4.6566,0.0081,0.17%
31 Mai 2018,4.6485,0.0086,0.19%
30 Mai 2018,4.6399,0.0002,0.00%
29 Mai 2018,4.6397,0.0109,0.24%
25 Mai 2018,4.6288,0.0045,0.10%
24 Mai 2018,4.6243,-0.0049,-0.11%
23 Mai 2018,4.6292,0.0067,0.14%
22 Mai 2018,4.6225,-0.0003,-0.01%
21 Mai 2018,4.6228,-0.0075,-0.16%
18 Mai 2018,4.6303,0.0007,0.02%
17 Mai 2018,4.6296,-0.0042,-0.09%
16 Mai 2018,4.6338,0.0055,0.12%
15 Mai 2018,4.6283,-0.0006,-0.01%
14 Mai 2018,4.6289,-0.0059,-0.13%
11 Mai 2018,4.6348,-0.0049,-0.11%
10 Mai 2018,4.6397,-0.0057,-0.12%
9 Mai 2018,4.6454,-0.0042,-0.09%
8 Mai 2018,4.6496,-0.0046,-0.10%
7 Mai 2018,4.6542,-0.0027,-0.06%
4 Mai 2018,4.6569,-0.0049,-0.11%
3 Mai 2018,4.6618,-0.0012,-0.03%
2 Mai 2018,4.663,0.0041,0.09%
30 Apr. 2018,4.6589,-0.0029,-0.06%
27 Apr. 2018,4.6618,0.0128,0.28%
26 Apr. 2018,4.649,0.0016,0.03%
25 Apr. 2018,4.6474,-0.0042,-0.09%
24 Apr. 2018,4.6516,-0.0047,-0.10%
23 Apr. 2018,4.6563,-0.0043,-0.09%
20 Apr. 2018,4.6606,0.0027,0.06%
19 Apr. 2018,4.6579,0.0049,0.11%
18 Apr. 2018,4.653,0.0045,0.10%
17 Apr. 2018,4.6485,-0.0022,-0.05%
16 Apr. 2018,4.6507,-0.0104,-0.22%
13 Apr. 2018,4.6611,-0.0006,-0.01%
12 Apr. 2018,4.6617,0.0017,0.04%
11 Apr. 2018,4.66,-0.0005,-0.01%
10 Apr. 2018,4.6605,-0.001,-0.02%
5 Apr. 2018,4.6615,0.0017,0.04%
4 Apr. 2018,4.6598,0.0013,0.03%
3 Apr. 2018,4.6585,0.0037,0.08%
2 Apr. 2018,4.6548,-0.0028,-0.06%
30 Mart. 2018,4.6576,0.0007,0.02%
29 Mart. 2018,4.6569,0.0012,0.03%
28 Mart. 2018,4.6557,0.0055,0.12%
27 Mart. 2018,4.6502,-0.0092,-0.20%
26 Mart. 2018,4.6594,-0.0057,-0.12%
23 Mart. 2018,4.6651,-0.0008,-0.02%
22 Mart. 2018,4.6659,0.0008,0.02%
21 Mart. 2018,4.6651,-0.0004,-0.01%
20 Mart. 2018,4.6655,0.0005,0.01%
19 Mart. 2018,4.665,0.0004,0.01%
16 Mart. 2018,4.6646,0.0026,0.06%
15 Mart. 2018,4.662,-0.0002,0.00%
14 Mart. 2018,4.6622,0.0015,0.03%
13 Mart. 2018,4.6607,-0.0009,-0.02%
12 Mart. 2018,4.6616,0.0046,0.10%
9 Mart. 2018,4.657,-0.0022,-0.05%
8 Mart. 2018,4.6592,-0.0005,-0.01%
7 Mart. 2018,4.6597,0.0001,0.00%
6 Mart. 2018,4.6596,-0.0002,0.00%
5 Mart. 2018,4.6598,0.0008,0.02%
2 Mart. 2018,4.659,0.0009,0.02%
1 Mart. 2018,4.6581,-0.0044,-0.09%
28 Feb. 2018,4.6625,0.0061,0.13%
27 Feb. 2018,4.6564,-0.0049,-0.11%
26 Feb. 2018,4.6613,0.0061,0.13%
23 Feb. 2018,4.6552,0.0013,0.03%
22 Feb. 2018,4.6539,-0.0067,-0.14%
21 Feb. 2018,4.6606,-0.0017,-0.04%
20 Feb. 2018,4.6623,0.0014,0.03%
19 Feb. 2018,4.6609,0.0014,0.03%
16 Feb. 2018,4.6595,-0.0003,-0.01%
15 Feb. 2018,4.6598,0.001,0.02%
14 Feb. 2018,4.6588,0.0016,0.03%
13 Feb. 2018,4.6572,0.0038,0.08%
12 Feb. 2018,4.6534,-0.0027,-0.06%
9 Feb. 2018,4.6561,0.0028,0.06%
8 Feb. 2018,4.6533,-0.0005,-0.01%
7 Feb. 2018,4.6538,0.0115,0.25%
6 Feb. 2018,4.6423,0.0076,0.16%
5 Feb. 2018,4.6347,-0.0179,-0.38%
2 Feb. 2018,4.6526,-0.0025,-0.05%
1 Feb. 2018,4.6551,-0.0031,-0.07%
31 Ian. 2018,4.6582,0.0108,0.23%
30 Ian. 2018,4.6474,-0.0066,-0.14%
29 Ian. 2018,4.654,-0.0118,-0.25%
26 Ian. 2018,4.6658,-0.0007,-0.02%
25 Ian. 2018,4.6665,-0.0014,-0.03%
23 Ian. 2018,4.6679,0.0023,0.05%
22 Ian. 2018,4.6656,0.0042,0.09%
19 Ian. 2018,4.6614,0.01,0.22%
18 Ian. 2018,4.6514,-0.0059,-0.13%
17 Ian. 2018,4.6573,-0.0026,-0.06%
16 Ian. 2018,4.6599,0.0343,0.74%
15 Ian. 2018,4.6256,-0.0121,-0.26%
12 Ian. 2018,4.6377,0.0003,0.01%
11 Ian. 2018,4.6374,-0.006,-0.13%
10 Ian. 2018,4.6434,-0.0137,-0.29%
9 Ian. 2018,4.6571,0.0223,0.48%
8 Ian. 2018,4.6348,-0.0017,-0.04%
5 Ian. 2018,4.6365,0.0061,0.13%
4 Ian. 2018,4.6304,-0.0108,-0.23%
3 Ian. 2018,4.6412,-0.0185,-0.40%
29 Dec. 2017,4.6597,0.009,0.19%
28 Dec. 2017,4.6507,-0.0008,-0.02%
27 Dec. 2017,4.6515,0.0114,0.25%
22 Dec. 2017,4.6401,0.0038,0.08%
21 Dec. 2017,4.6363,0.0087,0.19%
20 Dec. 2017,4.6276,0.0066,0.14%
19 Dec. 2017,4.621,-0.005,-0.11%
18 Dec. 2017,4.626,-0.0086,-0.19%
15 Dec. 2017,4.6346,0.0014,0.03%
14 Dec. 2017,4.6332,0.0005,0.01%
13 Dec. 2017,4.6327,-0.0035,-0.08%
12 Dec. 2017,4.6362,0.003,0.06%
11 Dec. 2017,4.6332,0.0017,0.04%
8 Dec. 2017,4.6315,-0.0012,-0.03%
7 Dec. 2017,4.6327,0.0006,0.01%
6 Dec. 2017,4.6321,-0.0023,-0.05%
5 Dec. 2017,4.6344,0.001,0.02%
4 Dec. 2017,4.6334,-0.0088,-0.19%
29 Nov. 2017,4.6422,0.0006,0.01%
28 Nov. 2017,4.6416,-0.0015,-0.03%
27 Nov. 2017,4.6431,-0.0105,-0.23%
24 Nov. 2017,4.6536,-0.001,-0.02%
23 Nov. 2017,4.6546,0.0049,0.11%
22 Nov. 2017,4.6497,-0.0054,-0.12%
21 Nov. 2017,4.6551,0.0082,0.18%
20 Nov. 2017,4.6469,0.0069,0.15%
17 Nov. 2017,4.64,0.0013,0.03%
16 Nov. 2017,4.6387,0.0081,0.17%
15 Nov. 2017,4.6306,-0.0176,-0.38%
14 Nov. 2017,4.6482,-0.0013,-0.03%
13 Nov. 2017,4.6495,0.0105,0.23%
10 Nov. 2017,4.639,0.0111,0.24%
9 Nov. 2017,4.6279,0.0081,0.18%
8 Nov. 2017,4.6198,0.023,0.50%
7 Nov. 2017,4.5968,0.0048,0.10%
6 Nov. 2017,4.592,-0.0022,-0.05%
3 Nov. 2017,4.5942,-0.0039,-0.08%
2 Nov. 2017,4.5981,-0.0003,-0.01%
1 Nov. 2017,4.5984,-0.0001,0.00%
31 Oct. 2017,4.5985,0.0011,0.02%
30 Oct. 2017,4.5974,-0.0006,-0.01%
27 Oct. 2017,4.598,0.0005,0.01%
26 Oct. 2017,4.5975,-0.0001,0.00%
25 Oct. 2017,4.5976,-0.0002,0.00%
24 Oct. 2017,4.5978,-0.001,-0.02%
23 Oct. 2017,4.5988,0.0013,0.03%
20 Oct. 2017,4.5975,0.0054,0.12%
19 Oct. 2017,4.5921,0.008,0.17%
18 Oct. 2017,4.5841,0.0039,0.09%
17 Oct. 2017,4.5802,-0.0052,-0.11%
16 Oct. 2017,4.5854,-0.0035,-0.08%
13 Oct. 2017,4.5889,-0.0026,-0.06%
12 Oct. 2017,4.5915,0.0061,0.13%
11 Oct. 2017,4.5854,0.0125,0.27%
10 Oct. 2017,4.5729,-0.0051,-0.11%
9 Oct. 2017,4.578,0.0005,0.01%
6 Oct. 2017,4.5775,-0.0007,-0.02%
5 Oct. 2017,4.5782,0.001,0.02%
4 Oct. 2017,4.5772,-0.0088,-0.19%
3 Oct. 2017,4.586,-0.0011,-0.02%
2 Oct. 2017,4.5871,-0.012,-0.26%
29 Sept. 2017,4.5991,0.0001,0.00%
28 Sept. 2017,4.599,-0.0001,0.00%
27 Sept. 2017,4.5991,0.0001,0.00%
26 Sept. 2017,4.599,0.0025,0.05%
25 Sept. 2017,4.5965,0.0015,0.03%
22 Sept. 2017,4.595,-0.0037,-0.08%
21 Sept. 2017,4.5987,-0.0002,0.00%
20 Sept. 2017,4.5989,-0.0001,0.00%
19 Sept. 2017,4.599,0.0008,0.02%
18 Sept. 2017,4.5982,0.0002,0.00%
15 Sept. 2017,4.598,-0.0004,-0.01%
14 Sept. 2017,4.5984,-0.0002,0.00%
13 Sept. 2017,4.5986,0.0003,0.01%
12 Sept. 2017,4.5983,0.0005,0.01%
11 Sept. 2017,4.5978,-0.0005,-0.01%
8 Sept. 2017,4.5983,0.0003,0.01%
7 Sept. 2017,4.598,-0.0005,-0.01%
6 Sept. 2017,4.5985,0.0026,0.06%
5 Sept. 2017,4.5959,0.001,0.02%
4 Sept. 2017,4.5949,0.0004,0.01%
1 Sept. 2017,4.5945,0.0039,0.09%
31 Aug. 2017,4.5906,-0.0037,-0.08%
30 Aug. 2017,4.5943,-0.0042,-0.09%
29 Aug. 2017,4.5985,0.0027,0.06%
28 Aug. 2017,4.5958,0.0089,0.19%
25 Aug. 2017,4.5869,-0.0017,-0.04%
24 Aug. 2017,4.5886,0.0013,0.03%
23 Aug. 2017,4.5873,0.0006,0.01%
22 Aug. 2017,4.5867,-0.0014,-0.03%
21 Aug. 2017,4.5881,-0.0002,0.00%
18 Aug. 2017,4.5883,0.0067,0.15%
17 Aug. 2017,4.5816,0.0079,0.17%
16 Aug. 2017,4.5737,0.0027,0.06%
14 Aug. 2017,4.571,-0.007,-0.15%
11 Aug. 2017,4.578,0.003,0.07%
10 Aug. 2017,4.575,0.0063,0.14%
9 Aug. 2017,4.5687,0.0052,0.11%
8 Aug. 2017,4.5635,-0.0022,-0.05%
7 Aug. 2017,4.5657,0.0023,0.05%
4 Aug. 2017,4.5634,0.0002,0.00%
3 Aug. 2017,4.5632,0.0046,0.10%
2 Aug. 2017,4.5586,0.0009,0.02%
1 Aug. 2017,4.5577,-0.0021,-0.05%
31 Iul. 2017,4.5598,0.004,0.09%
28 Iul. 2017,4.5558,-0.0098,-0.21%
27 Iul. 2017,4.5656,0.0028,0.06%
26 Iul. 2017,4.5628,0.0011,0.02%
25 Iul. 2017,4.5617,-0.0039,-0.09%
24 Iul. 2017,4.5656,-0.0081,-0.18%
21 Iul. 2017,4.5737,0.0083,0.18%
20 Iul. 2017,4.5654,-0.0026,-0.06%
19 Iul. 2017,4.568,0.0085,0.19%
18 Iul. 2017,4.5595,-0.0024,-0.05%
17 Iul. 2017,4.5619,-0.0026,-0.06%
14 Iul. 2017,4.5645,0.002,0.04%
13 Iul. 2017,4.5625,-0.0093,-0.20%
12 Iul. 2017,4.5718,0.0038,0.08%
11 Iul. 2017,4.568,-0.0004,-0.01%
10 Iul. 2017,4.5684,-0.0186,-0.41%
7 Iul. 2017,4.587,0.0001,0.00%
6 Iul. 2017,4.5869,0.0001,0.00%
5 Iul. 2017,4.5868,0.008,0.17%
4 Iul. 2017,4.5788,0.0228,0.50%
3 Iul. 2017,4.556,0.0021,0.05%
30 Iun. 2017,4.5539,0.0036,0.08%
29 Iun. 2017,4.5503,-0.006,-0.13%
28 Iun. 2017,4.5563,-0.0067,-0.15%
27 Iun. 2017,4.563,-0.0103,-0.23%
26 Iun. 2017,4.5733,0.006,0.13%
23 Iun. 2017,4.5673,-0.0242,-0.53%
22 Iun. 2017,4.5915,-0.0072,-0.16%
21 Iun. 2017,4.5987,0.003,0.07%
20 Iun. 2017,4.5957,0.0098,0.21%
19 Iun. 2017,4.5859,0.0047,0.10%
16 Iun. 2017,4.5812,-0.006,-0.13%
15 Iun. 2017,4.5872,0.0205,0.45%
14 Iun. 2017,4.5667,0.0006,0.01%
13 Iun. 2017,4.5661,0.0047,0.10%
12 Iun. 2017,4.5614,0.0003,0.01%
9 Iun. 2017,4.5611,-0.0087,-0.19%
8 Iun. 2017,4.5698,0.0023,0.05%
7 Iun. 2017,4.5675,0.002,0.04%
6 Iun. 2017,4.5655,-0.0004,-0.01%
2 Iun. 2017,4.5659,-0.0043,-0.09%
31 Mai 2017,4.5702,0.0066,0.14%
30 Mai 2017,4.5636,-0.0001,0.00%
29 Mai 2017,4.5637,0.0064,0.14%
26 Mai 2017,4.5573,0.0077,0.17%
25 Mai 2017,4.5496,-0.0016,-0.04%
24 Mai 2017,4.5512,-0.0071,-0.16%
23 Mai 2017,4.5583,-0.0017,-0.04%
22 Mai 2017,4.56,-0.0016,-0.04%
19 Mai 2017,4.5616,-0.0113,-0.25%
18 Mai 2017,4.5729,0.019,0.42%
17 Mai 2017,4.5539,0.0063,0.14%
16 Mai 2017,4.5476,-0.0023,-0.05%
15 Mai 2017,4.5499,0.0056,0.12%
12 Mai 2017,4.5443,-0.0062,-0.14%
11 Mai 2017,4.5505,0.0024,0.05%
10 Mai 2017,4.5481,-0.0026,-0.06%
9 Mai 2017,4.5507,0.004,0.09%
8 Mai 2017,4.5467,0,0%
5 Mai 2017,4.5467,0.0019,0.04%
4 Mai 2017,4.5448,-0.0037,-0.08%
3 Mai 2017,4.5485,0.0017,0.04%
2 Mai 2017,4.5468,0.0135,0.30%
28 Apr. 2017,4.5333,0.0044,0.10%
27 Apr. 2017,4.5289,-0.0066,-0.15%
26 Apr. 2017,4.5355,0.0105,0.23%
25 Apr. 2017,4.525,-0.009,-0.20%
24 Apr. 2017,4.534,-0.0101,-0.22%
21 Apr. 2017,4.5441,0.0034,0.07%
20 Apr. 2017,4.5407,0.0121,0.27%
19 Apr. 2017,4.5286,0.0098,0.22%
18 Apr. 2017,4.5188,-0.0043,-0.10%
14 Apr. 2017,4.5231,0.0049,0.11%
13 Apr. 2017,4.5182,-0.0037,-0.08%
12 Apr. 2017,4.5219,0.0086,0.19%
11 Apr. 2017,4.5133,-0.0019,-0.04%
10 Apr. 2017,4.5152,-0.0089,-0.20%
7 Apr. 2017,4.5241,-0.0021,-0.05%
6 Apr. 2017,4.5262,-0.0154,-0.34%
5 Apr. 2017,4.5416,-0.0036,-0.08%
4 Apr. 2017,4.5452,-0.0049,-0.11%
3 Apr. 2017,4.5501,-0.001,-0.02%
31 Mart. 2017,4.5511,0.0065,0.14%
30 Mart. 2017,4.5446,-0.0129,-0.28%
29 Mart. 2017,4.5575,0.0061,0.13%
28 Mart. 2017,4.5514,0.0014,0.03%
27 Mart. 2017,4.55,-0.0052,-0.11%
24 Mart. 2017,4.5552,-0.0003,-0.01%
23 Mart. 2017,4.5555,-0.0076,-0.17%
22 Mart. 2017,4.5631,-0.0003,-0.01%
21 Mart. 2017,4.5634,0.0007,0.02%
20 Mart. 2017,4.5627,-0.0027,-0.06%
17 Mart. 2017,4.5654,0.0145,0.32%
16 Mart. 2017,4.5509,0.008,0.18%
15 Mart. 2017,4.5429,-0.0086,-0.19%
14 Mart. 2017,4.5515,-0.0023,-0.05%
13 Mart. 2017,4.5538,0.0033,0.07%
10 Mart. 2017,4.5505,0.0049,0.11%
9 Mart. 2017,4.5456,-0.0056,-0.12%
8 Mart. 2017,4.5512,0.015,0.33%
7 Mart. 2017,4.5362,0.0039,0.09%
6 Mart. 2017,4.5323,-0.0005,-0.01%
3 Mart. 2017,4.5328,0.011,0.24%
2 Mart. 2017,4.5218,0.0018,0.04%
1 Mart. 2017,4.52,0.004,0.09%
28 Feb. 2017,4.516,0.0045,0.10%
27 Feb. 2017,4.5115,-0.0054,-0.12%
24 Feb. 2017,4.5169,-0.0021,-0.05%
23 Feb. 2017,4.519,-0.0027,-0.06%
22 Feb. 2017,4.5217,0.006,0.13%
21 Feb. 2017,4.5157,-0.0087,-0.19%
20 Feb. 2017,4.5244,0.005,0.11%
17 Feb. 2017,4.5194,-0.0032,-0.07%
16 Feb. 2017,4.5226,0.0155,0.34%
15 Feb. 2017,4.5071,0.0023,0.05%
14 Feb. 2017,4.5048,0.0029,0.06%
13 Feb. 2017,4.5019,0.0013,0.03%
10 Feb. 2017,4.5006,0.005,0.11%
9 Feb. 2017,4.4956,0.0068,0.15%
8 Feb. 2017,4.4888,-0.0028,-0.06%
7 Feb. 2017,4.4916,-0.0179,-0.40%
6 Feb. 2017,4.5095,-0.0061,-0.14%
3 Feb. 2017,4.5156,-0.0181,-0.40%
2 Feb. 2017,4.5337,0.0097,0.21%
1 Feb. 2017,4.524,0.0202,0.45%
31 Ian. 2017,4.5038,0.0032,0.07%
30 Ian. 2017,4.5006,-0.0071,-0.16%
27 Ian. 2017,4.5077,0.0094,0.21%
26 Ian. 2017,4.4983,0.0044,0.10%
25 Ian. 2017,4.4939,-0.0034,-0.08%
23 Ian. 2017,4.4973,0.0018,0.04%
20 Ian. 2017,4.4955,0.0028,0.06%
19 Ian. 2017,4.4927,-0.0053,-0.12%
18 Ian. 2017,4.498,-0.0068,-0.15%
17 Ian. 2017,4.5048,-0.0016,-0.04%
16 Ian. 2017,4.5064,0.0144,0.32%
13 Ian. 2017,4.492,-0.0018,-0.04%
12 Ian. 2017,4.4938,-0.0011,-0.02%
11 Ian. 2017,4.4949,-0.0022,-0.05%
10 Ian. 2017,4.4971,-0.0053,-0.12%
9 Ian. 2017,4.5024,-0.0045,-0.10%
6 Ian. 2017,4.5069,-0.0041,-0.09%
5 Ian. 2017,4.511,-0.0072,-0.16%
4 Ian. 2017,4.5182,0.0007,0.02%
3 Ian. 2017,4.5175,-0.0236,-0.52%
30 Dec. 2016,4.5411,0.0009,0.02%
29 Dec. 2016,4.5402,-0.0007,-0.02%
28 Dec. 2016,4.5409,0.0046,0.10%
27 Dec. 2016,4.5363,0.0054,0.12%
23 Dec. 2016,4.5309,0.0144,0.32%
22 Dec. 2016,4.5165,-0.003,-0.07%
21 Dec. 2016,4.5195,0.0001,0.00%
20 Dec. 2016,4.5194,0.0069,0.15%
19 Dec. 2016,4.5125,-0.0085,-0.19%
16 Dec. 2016,4.521,0.0008,0.02%
15 Dec. 2016,4.5202,0.0035,0.08%
14 Dec. 2016,4.5167,0.0092,0.20%
13 Dec. 2016,4.5075,0.0008,0.02%
12 Dec. 2016,4.5067,0.0082,0.18%
9 Dec. 2016,4.4985,-0.0035,-0.08%
8 Dec. 2016,4.502,0.0013,0.03%
7 Dec. 2016,4.5007,-0.0001,0.00%
6 Dec. 2016,4.5008,-0.0019,-0.04%
5 Dec. 2016,4.5027,-0.0098,-0.22%
2 Dec. 2016,4.5125,-0.0037,-0.08%
29 Nov. 2016,4.5162,0.0038,0.08%
28 Nov. 2016,4.5124,-0.0023,-0.05%
25 Nov. 2016,4.5147,0.0054,0.12%
24 Nov. 2016,4.5093,-0.0057,-0.13%
23 Nov. 2016,4.515,0.0047,0.10%
22 Nov. 2016,4.5103,-0.0007,-0.02%
21 Nov. 2016,4.511,-0.0035,-0.08%
18 Nov. 2016,4.5145,-0.005,-0.11%
17 Nov. 2016,4.5195,-0.0023,-0.05%
16 Nov. 2016,4.5218,0.0072,0.16%
15 Nov. 2016,4.5146,-0.0012,-0.03%
14 Nov. 2016,4.5158,0.0033,0.07%
11 Nov. 2016,4.5125,0.0125,0.28%
10 Nov. 2016,4.5,-0.01,-0.22%
9 Nov. 2016,4.51,0.0028,0.06%
8 Nov. 2016,4.5072,0.0085,0.19%
7 Nov. 2016,4.4987,-0.0028,-0.06%
4 Nov. 2016,4.5015,0.0022,0.05%
3 Nov. 2016,4.4993,-0.0047,-0.10%
2 Nov. 2016,4.504,-0.0016,-0.04%
1 Nov. 2016,4.5056,-0.0001,0.00%
31 Oct. 2016,4.5057,0.0079,0.18%
28 Oct. 2016,4.4978,-0.0059,-0.13%
27 Oct. 2016,4.5037,0.0082,0.18%
26 Oct. 2016,4.4955,0.0046,0.10%
25 Oct. 2016,4.4909,-0.0148,-0.33%
24 Oct. 2016,4.5057,-0.0011,-0.02%
21 Oct. 2016,4.5068,0.0022,0.05%
20 Oct. 2016,4.5046,0.0039,0.09%
19 Oct. 2016,4.5007,-0.0079,-0.18%
18 Oct. 2016,4.5086,-0.0027,-0.06%
17 Oct. 2016,4.5113,0.0097,0.22%
14 Oct. 2016,4.5016,-0.0043,-0.10%
13 Oct. 2016,4.5059,0.0098,0.22%
12 Oct. 2016,4.4961,0.0071,0.16%
11 Oct. 2016,4.489,-0.0285,-0.63%
10 Oct. 2016,4.5175,0.0226,0.50%
7 Oct. 2016,4.4949,0.0212,0.47%
6 Oct. 2016,4.4737,0.011,0.25%
5 Oct. 2016,4.4627,0.0051,0.11%
4 Oct. 2016,4.4576,0.0092,0.21%
3 Oct. 2016,4.4484,-0.0039,-0.09%
30 Sept. 2016,4.4523,0.0009,0.02%
29 Sept. 2016,4.4514,0.0021,0.05%
28 Sept. 2016,4.4493,-0.0002,0.00%
27 Sept. 2016,4.4495,-0.0009,-0.02%
26 Sept. 2016,4.4504,0.0034,0.08%
23 Sept. 2016,4.447,-0.0033,-0.07%
22 Sept. 2016,4.4503,-0.0006,-0.01%
21 Sept. 2016,4.4509,-0.0025,-0.06%
20 Sept. 2016,4.4534,0.007,0.16%
19 Sept. 2016,4.4464,-0.0055,-0.12%
16 Sept. 2016,4.4519,0.0048,0.11%
15 Sept. 2016,4.4471,-0.0015,-0.03%
14 Sept. 2016,4.4486,-0.0002,0.00%
13 Sept. 2016,4.4488,-0.0013,-0.03%
12 Sept. 2016,4.4501,-0.0017,-0.04%
9 Sept. 2016,4.4518,-0.0008,-0.02%
8 Sept. 2016,4.4526,0.0011,0.02%
7 Sept. 2016,4.4515,0.0001,0.00%
6 Sept. 2016,4.4514,0.0045,0.10%
5 Sept. 2016,4.4469,-0.009,-0.20%
2 Sept. 2016,4.4559,0.0004,0.01%
1 Sept. 2016,4.4555,0.002,0.04%
31 Aug. 2016,4.4535,0.0047,0.11%
30 Aug. 2016,4.4488,-0.0133,-0.30%
29 Aug. 2016,4.4621,0.0053,0.12%
26 Aug. 2016,4.4568,0.0019,0.04%
25 Aug. 2016,4.4549,-0.0057,-0.13%
24 Aug. 2016,4.4606,0.0021,0.05%
23 Aug. 2016,4.4585,-0.0025,-0.06%
22 Aug. 2016,4.461,-0.0069,-0.15%
19 Aug. 2016,4.4679,-0.0078,-0.17%
18 Aug. 2016,4.4757,0.0025,0.06%
17 Aug. 2016,4.4732,0.0152,0.34%
16 Aug. 2016,4.458,-0.0012,-0.03%
12 Aug. 2016,4.4592,-0.0013,-0.03%
11 Aug. 2016,4.4605,0.0029,0.07%
10 Aug. 2016,4.4576,-0.0002,0.00%
9 Aug. 2016,4.4578,0.0006,0.01%
8 Aug. 2016,4.4572,-0.0066,-0.15%
5 Aug. 2016,4.4638,0.0074,0.17%
4 Aug. 2016,4.4564,0.004,0.09%
3 Aug. 2016,4.4524,-0.0022,-0.05%
2 Aug. 2016,4.4546,-0.0009,-0.02%
1 Aug. 2016,4.4555,-0.0099,-0.22%
29 Iul. 2016,4.4654,0.0039,0.09%
28 Iul. 2016,4.4615,-0.0072,-0.16%
27 Iul. 2016,4.4687,0.0054,0.12%
26 Iul. 2016,4.4633,0.0189,0.43%
25 Iul. 2016,4.4444,-0.0168,-0.38%
22 Iul. 2016,4.4612,-0.0088,-0.20%
21 Iul. 2016,4.47,-0.0027,-0.06%
20 Iul. 2016,4.4727,-0.001,-0.02%
19 Iul. 2016,4.4737,0.0031,0.07%
18 Iul. 2016,4.4706,-0.0152,-0.34%
15 Iul. 2016,4.4858,-0.0026,-0.06%
14 Iul. 2016,4.4884,-0.0027,-0.06%
13 Iul. 2016,4.4911,0.0011,0.02%
12 Iul. 2016,4.49,-0.0042,-0.09%
11 Iul. 2016,4.4942,-0.0215,-0.48%
8 Iul. 2016,4.5157,-0.0031,-0.07%
7 Iul. 2016,4.5188,-0.0011,-0.02%
6 Iul. 2016,4.5199,0.0042,0.09%
5 Iul. 2016,4.5157,-0.0007,-0.02%
4 Iul. 2016,4.5164,0.0016,0.04%
1 Iul. 2016,4.5148,-0.0062,-0.14%
30 Iun. 2016,4.521,-0.001,-0.02%
29 Iun. 2016,4.522,-0.0005,-0.01%
28 Iun. 2016,4.5225,0.0073,0.16%
27 Iun. 2016,4.5152,-0.0214,-0.47%
24 Iun. 2016,4.5366,0.0187,0.41%
23 Iun. 2016,4.5179,-0.0141,-0.31%
22 Iun. 2016,4.532,-0.001,-0.02%
21 Iun. 2016,4.533,-0.0011,-0.02%
17 Iun. 2016,4.5341,-0.0055,-0.12%
16 Iun. 2016,4.5396,0.0071,0.16%
15 Iun. 2016,4.5325,0.0107,0.24%
14 Iun. 2016,4.5218,0.004,0.09%
13 Iun. 2016,4.5178,0.0068,0.15%
10 Iun. 2016,4.511,-0.0015,-0.03%
9 Iun. 2016,4.5125,0.0055,0.12%
8 Iun. 2016,4.507,-0.0008,-0.02%
7 Iun. 2016,4.5078,-0.0099,-0.22%
6 Iun. 2016,4.5177,-0.0012,-0.03%
3 Iun. 2016,4.5189,-0.0027,-0.06%
2 Iun. 2016,4.5216,0.007,0.16%
1 Iun. 2016,4.5146,0.0031,0.07%
31 Mai 2016,4.5115,0.0076,0.17%
30 Mai 2016,4.5039,-0.0035,-0.08%
27 Mai 2016,4.5074,0.0015,0.03%
26 Mai 2016,4.5059,-0.0002,0.00%
25 Mai 2016,4.5061,-0.0053,-0.12%
24 Mai 2016,4.5114,-0.008,-0.18%
23 Mai 2016,4.5194,0.0131,0.29%
20 Mai 2016,4.5063,0.0038,0.08%
19 Mai 2016,4.5025,0.007,0.16%
18 Mai 2016,4.4955,0.0091,0.20%
17 Mai 2016,4.4864,-0.0018,-0.04%
16 Mai 2016,4.4882,-0.0092,-0.20%
13 Mai 2016,4.4974,0.0017,0.04%
12 Mai 2016,4.4957,0.0047,0.10%
11 Mai 2016,4.491,0.0026,0.06%
10 Mai 2016,4.4884,0.0015,0.03%
9 Mai 2016,4.4869,-0.0144,-0.32%
6 Mai 2016,4.5013,-0.0008,-0.02%
5 Mai 2016,4.5021,0.0102,0.23%
4 Mai 2016,4.4919,0.0044,0.10%
3 Mai 2016,4.4875,0.0101,0.23%
29 Apr. 2016,4.4774,0.0053,0.12%
28 Apr. 2016,4.4721,0.0072,0.16%
27 Apr. 2016,4.4649,-0.0145,-0.32%
26 Apr. 2016,4.4794,0.0023,0.05%
25 Apr. 2016,4.4771,0.0001,0.00%
22 Apr. 2016,4.477,-0.0019,-0.04%
21 Apr. 2016,4.4789,-0.0065,-0.14%
20 Apr. 2016,4.4854,0.0042,0.09%
19 Apr. 2016,4.4812,0.0035,0.08%
18 Apr. 2016,4.4777,0.0046,0.10%
15 Apr. 2016,4.4731,0.0016,0.04%
14 Apr. 2016,4.4715,0.0019,0.04%
13 Apr. 2016,4.4696,-0.0015,-0.03%
12 Apr. 2016,4.4711,0.0043,0.10%
11 Apr. 2016,4.4668,0.0004,0.01%
8 Apr. 2016,4.4664,-0.0004,-0.01%
7 Apr. 2016,4.4668,0.001,0.02%
6 Apr. 2016,4.4658,-0.0011,-0.02%
5 Apr. 2016,4.4669,-0.0002,0.00%
4 Apr. 2016,4.4671,-0.0043,-0.10%
1 Apr. 2016,4.4714,-0.0024,-0.05%
31 Mart. 2016,4.4738,0.0156,0.35%
30 Mart. 2016,4.4582,-0.0052,-0.12%
29 Mart. 2016,4.4634,0.0015,0.03%
28 Mart. 2016,4.4619,-0.002,-0.04%
25 Mart. 2016,4.4639,-0.0016,-0.04%
24 Mart. 2016,4.4655,0.0014,0.03%
23 Mart. 2016,4.4641,-0.0053,-0.12%
22 Mart. 2016,4.4694,0.0022,0.05%
21 Mart. 2016,4.4672,-0.0028,-0.06%
18 Mart. 2016,4.47,-0.0065,-0.15%
17 Mart. 2016,4.4765,-0.001,-0.02%
16 Mart. 2016,4.4775,0.007,0.16%
15 Mart. 2016,4.4705,0.0031,0.07%
14 Mart. 2016,4.4674,0.005,0.11%
11 Mart. 2016,4.4624,0.0016,0.04%
10 Mart. 2016,4.4608,-0.0021,-0.05%
9 Mart. 2016,4.4629,-0.0005,-0.01%
8 Mart. 2016,4.4634,0.0008,0.02%
7 Mart. 2016,4.4626,-0.0052,-0.12%
4 Mart. 2016,4.4678,0.0102,0.23%
3 Mart. 2016,4.4576,-0.001,-0.02%
2 Mart. 2016,4.4586,-0.0069,-0.15%
1 Mart. 2016,4.4655,-0.0037,-0.08%
29 Feb. 2016,4.4692,0.0058,0.13%
26 Feb. 2016,4.4634,-0.0057,-0.13%
25 Feb. 2016,4.4691,-0.0074,-0.17%
24 Feb. 2016,4.4765,0.005,0.11%
23 Feb. 2016,4.4715,-0.0058,-0.13%
22 Feb. 2016,4.4773,0.0115,0.26%
19 Feb. 2016,4.4658,0.0089,0.20%
18 Feb. 2016,4.4569,-0.0016,-0.04%
17 Feb. 2016,4.4585,-0.0052,-0.12%
16 Feb. 2016,4.4637,-0.0073,-0.16%
15 Feb. 2016,4.471,-0.0034,-0.08%
12 Feb. 2016,4.4744,-0.0082,-0.18%
11 Feb. 2016,4.4826,-0.0026,-0.06%
10 Feb. 2016,4.4852,-0.0055,-0.12%
9 Feb. 2016,4.4907,0.0144,0.32%
8 Feb. 2016,4.4763,-0.025,-0.56%
5 Feb. 2016,4.5013,-0.0073,-0.16%
4 Feb. 2016,4.5086,-0.0051,-0.11%
3 Feb. 2016,4.5137,0.0039,0.09%
2 Feb. 2016,4.5098,-0.0222,-0.49%
1 Feb. 2016,4.532,-0.0017,-0.04%
29 Ian. 2016,4.5337,-0.0049,-0.11%
28 Ian. 2016,4.5386,0.0058,0.13%
27 Ian. 2016,4.5328,0.0003,0.01%
26 Ian. 2016,4.5325,0.0061,0.13%
25 Ian. 2016,4.5264,-0.001,-0.02%
22 Ian. 2016,4.5274,-0.0046,-0.10%
21 Ian. 2016,4.532,-0.0004,-0.01%
20 Ian. 2016,4.5324,-0.0025,-0.06%
19 Ian. 2016,4.5349,-0.0011,-0.02%
18 Ian. 2016,4.536,-0.0002,0.00%
15 Ian. 2016,4.5362,-0.0018,-0.04%
14 Ian. 2016,4.538,0.0097,0.21%
13 Ian. 2016,4.5283,-0.005,-0.11%
12 Ian. 2016,4.5333,0.0063,0.14%
11 Ian. 2016,4.527,-0.0003,-0.01%
8 Ian. 2016,4.5273,-0.0002,0.00%
7 Ian. 2016,4.5275,0.0058,0.13%
6 Ian. 2016,4.5217,-0.0023,-0.05%
5 Ian. 2016,4.524,0.0071,0.16%
4 Ian. 2016,4.5169,-0.0076,-0.17%
31 Dec. 2015,4.5245,-0.004,-0.09%
30 Dec. 2015,4.5285,-0.0096,-0.21%
29 Dec. 2015,4.5381,0.0124,0.27%
28 Dec. 2015,4.5257,-0.004,-0.09%
24 Dec. 2015,4.5297,0.0094,0.21%
23 Dec. 2015,4.5203,0.004,0.09%
22 Dec. 2015,4.5163,0.0058,0.13%
21 Dec. 2015,4.5105,-0.004,-0.09%
18 Dec. 2015,4.5145,0.0151,0.34%
17 Dec. 2015,4.4994,-0.0042,-0.09%
16 Dec. 2015,4.5036,0.0031,0.07%
15 Dec. 2015,4.5005,-0.008,-0.18%
14 Dec. 2015,4.5085,-0.0212,-0.47%
11 Dec. 2015,4.5297,0.0272,0.60%
10 Dec. 2015,4.5025,0.0152,0.34%
9 Dec. 2015,4.4873,0.0052,0.12%
8 Dec. 2015,4.4821,0.0082,0.18%
7 Dec. 2015,4.4739,0.0046,0.10%
4 Dec. 2015,4.4693,0.0104,0.23%
3 Dec. 2015,4.4589,-0.0015,-0.03%
2 Dec. 2015,4.4604,0.0144,0.32%
27 Nov. 2015,4.446,0.0074,0.17%
26 Nov. 2015,4.4386,-0.0056,-0.13%
25 Nov. 2015,4.4442,-0.0067,-0.15%
24 Nov. 2015,4.4509,0.0025,0.06%
23 Nov. 2015,4.4484,0.0045,0.10%
20 Nov. 2015,4.4439,0.0014,0.03%
19 Nov. 2015,4.4425,-0.0033,-0.07%
18 Nov. 2015,4.4458,0.0058,0.13%
17 Nov. 2015,4.44,0.0023,0.05%
16 Nov. 2015,4.4377,-0.0035,-0.08%
13 Nov. 2015,4.4412,0.0014,0.03%
12 Nov. 2015,4.4398,-0.0036,-0.08%
11 Nov. 2015,4.4434,-0.0128,-0.29%
10 Nov. 2015,4.4562,-0.0018,-0.04%
9 Nov. 2015,4.458,0.0057,0.13%
6 Nov. 2015,4.4523,0.0064,0.14%
5 Nov. 2015,4.4459,-0.0003,-0.01%
4 Nov. 2015,4.4462,0.0144,0.32%
3 Nov. 2015,4.4318,-0.0049,-0.11%
2 Nov. 2015,4.4367,0.0045,0.10%
30 Oct. 2015,4.4322,0.0008,0.02%
29 Oct. 2015,4.4314,0.0003,0.01%
28 Oct. 2015,4.4311,-0.0055,-0.12%
27 Oct. 2015,4.4366,0.0023,0.05%
26 Oct. 2015,4.4343,0.0084,0.19%
23 Oct. 2015,4.4259,-0.0032,-0.07%
22 Oct. 2015,4.4291,-0.0004,-0.01%
21 Oct. 2015,4.4295,0.0045,0.10%
20 Oct. 2015,4.425,0.0068,0.15%
19 Oct. 2015,4.4182,0.0024,0.05%
16 Oct. 2015,4.4158,0.0016,0.04%
15 Oct. 2015,4.4142,-0.0029,-0.07%
14 Oct. 2015,4.4171,0.0008,0.02%
13 Oct. 2015,4.4163,0.0007,0.02%
12 Oct. 2015,4.4156,0.0011,0.02%
9 Oct. 2015,4.4145,-0.0027,-0.06%
8 Oct. 2015,4.4172,0.0005,0.01%
7 Oct. 2015,4.4167,0.0006,0.01%
6 Oct. 2015,4.4161,-0.0033,-0.07%
5 Oct. 2015,4.4194,0.0064,0.15%
2 Oct. 2015,4.413,-0.0025,-0.06%
1 Oct. 2015,4.4155,-0.0012,-0.03%
30 Sept. 2015,4.4167,-0.0081,-0.18%
29 Sept. 2015,4.4248,0.012,0.27%
28 Sept. 2015,4.4128,-0.0032,-0.07%
25 Sept. 2015,4.416,0.0003,0.01%
24 Sept. 2015,4.4157,-0.005,-0.11%
23 Sept. 2015,4.4207,-0.0008,-0.02%
22 Sept. 2015,4.4215,-0.0014,-0.03%
21 Sept. 2015,4.4229,0.0018,0.04%
18 Sept. 2015,4.4211,-0.0056,-0.13%
17 Sept. 2015,4.4267,0.0028,0.06%
16 Sept. 2015,4.4239,0.0044,0.10%
15 Sept. 2015,4.4195,0.0025,0.06%
14 Sept. 2015,4.417,0.0011,0.02%
11 Sept. 2015,4.4159,-0.0063,-0.14%
10 Sept. 2015,4.4222,0.0014,0.03%
9 Sept. 2015,4.4208,-0.0053,-0.12%
8 Sept. 2015,4.4261,-0.0002,0.00%
7 Sept. 2015,4.4263,-0.0023,-0.05%
4 Sept. 2015,4.4286,-0.0029,-0.07%
3 Sept. 2015,4.4315,-0.0098,-0.22%
2 Sept. 2015,4.4413,0.0023,0.05%
1 Sept. 2015,4.439,0.0069,0.16%
31 Aug. 2015,4.4321,0.0019,0.04%
28 Aug. 2015,4.4302,-0.0051,-0.12%
27 Aug. 2015,4.4353,-0.0022,-0.05%
26 Aug. 2015,4.4375,-0.0009,-0.02%
25 Aug. 2015,4.4384,-0.0028,-0.06%
24 Aug. 2015,4.4412,0.0112,0.25%
21 Aug. 2015,4.43,-0.0062,-0.14%
20 Aug. 2015,4.4362,0.0057,0.13%
19 Aug. 2015,4.4305,0.007,0.16%
18 Aug. 2015,4.4235,-0.0034,-0.08%
17 Aug. 2015,4.4269,0.0045,0.10%
14 Aug. 2015,4.4224,0.0131,0.30%
13 Aug. 2015,4.4093,-0.0064,-0.14%
12 Aug. 2015,4.4157,0.0001,0.00%
11 Aug. 2015,4.4156,0.0042,0.10%
10 Aug. 2015,4.4114,-0.0014,-0.03%
7 Aug. 2015,4.4128,0.0011,0.02%
6 Aug. 2015,4.4117,-0.0008,-0.02%
5 Aug. 2015,4.4125,0.0069,0.16%
4 Aug. 2015,4.4056,0.0015,0.03%
3 Aug. 2015,4.4041,-0.0029,-0.07%
31 Iul. 2015,4.407,-0.0005,-0.01%
30 Iul. 2015,4.4075,-0.0117,-0.26%
29 Iul. 2015,4.4192,0.0037,0.08%
28 Iul. 2015,4.4155,-0.0036,-0.08%
27 Iul. 2015,4.4191,-0.0035,-0.08%
24 Iul. 2015,4.4226,0.0012,0.03%
23 Iul. 2015,4.4214,0.0042,0.10%
22 Iul. 2015,4.4172,0.0075,0.17%
21 Iul. 2015,4.4097,-0.0077,-0.17%
20 Iul. 2015,4.4174,-0.001,-0.02%
17 Iul. 2015,4.4184,-0.0012,-0.03%
16 Iul. 2015,4.4196,-0.0092,-0.21%
15 Iul. 2015,4.4288,0.0043,0.10%
14 Iul. 2015,4.4245,-0.0106,-0.24%
13 Iul. 2015,4.4351,-0.0113,-0.25%
10 Iul. 2015,4.4464,-0.0341,-0.76%
9 Iul. 2015,4.4805,-0.0045,-0.10%
8 Iul. 2015,4.485,0.004,0.09%
7 Iul. 2015,4.481,-0.0044,-0.10%
6 Iul. 2015,4.4854,0.0035,0.08%
3 Iul. 2015,4.4819,0.007,0.16%
2 Iul. 2015,4.4749,0.0064,0.14%
1 Iul. 2015,4.4685,-0.005,-0.11%
30 Iun. 2015,4.4735,-0.0196,-0.44%
29 Iun. 2015,4.4931,0.0354,0.79%
26 Iun. 2015,4.4577,0.0014,0.03%
25 Iun. 2015,4.4563,-0.0164,-0.37%
24 Iun. 2015,4.4727,-0.008,-0.18%
23 Iun. 2015,4.4807,-0.0023,-0.05%
22 Iun. 2015,4.483,-0.0051,-0.11%
19 Iun. 2015,4.4881,-0.0001,0.00%
18 Iun. 2015,4.4882,0.0038,0.08%
17 Iun. 2015,4.4844,-0.005,-0.11%
16 Iun. 2015,4.4894,0.0095,0.21%
15 Iun. 2015,4.4799,0.0103,0.23%
12 Iun. 2015,4.4696,0.003,0.07%
11 Iun. 2015,4.4666,-0.0001,0.00%
10 Iun. 2015,4.4667,-0.001,-0.02%
9 Iun. 2015,4.4677,0.0076,0.17%
8 Iun. 2015,4.4601,0.0168,0.38%
5 Iun. 2015,4.4433,0.0097,0.22%
4 Iun. 2015,4.4336,-0.0039,-0.09%
3 Iun. 2015,4.4375,-0.0032,-0.07%
2 Iun. 2015,4.4407,0.0012,0.03%
29 Mai 2015,4.4395,-0.004,-0.09%
28 Mai 2015,4.4435,-0.0015,-0.03%
27 Mai 2015,4.445,-0.018,-0.40%
26 Mai 2015,4.463,0.0134,0.30%
25 Mai 2015,4.4496,0.0013,0.03%
22 Mai 2015,4.4483,0.002,0.05%
21 Mai 2015,4.4463,-0.0021,-0.05%
20 Mai 2015,4.4484,0.001,0.02%
19 Mai 2015,4.4474,0.0019,0.04%
18 Mai 2015,4.4455,0.0046,0.10%
15 Mai 2015,4.4409,-0.0179,-0.40%
14 Mai 2015,4.4588,0.0003,0.01%
13 Mai 2015,4.4585,-0.0009,-0.02%
12 Mai 2015,4.4594,0.0106,0.24%
11 Mai 2015,4.4488,-0.0009,-0.02%
8 Mai 2015,4.4497,0.0002,0.00%
7 Mai 2015,4.4495,0.0113,0.25%
6 Mai 2015,4.4382,0.0103,0.23%
5 Mai 2015,4.4279,-0.0013,-0.03%
4 Mai 2015,4.4292,0.0094,0.21%
30 Apr. 2015,4.4198,0.0167,0.38%
29 Apr. 2015,4.4031,-0.0095,-0.22%
28 Apr. 2015,4.4126,-0.0076,-0.17%
27 Apr. 2015,4.4202,0.0066,0.15%
24 Apr. 2015,4.4136,-0.0041,-0.09%
23 Apr. 2015,4.4177,-0.0113,-0.26%
22 Apr. 2015,4.429,-0.0218,-0.49%
21 Apr. 2015,4.4508,0.0163,0.37%
20 Apr. 2015,4.4345,0.0235,0.53%
17 Apr. 2015,4.411,-0.0015,-0.03%
16 Apr. 2015,4.4125,-0.0077,-0.17%
15 Apr. 2015,4.4202,0.0098,0.22%
14 Apr. 2015,4.4104,-0.0001,0.00%
10 Apr. 2015,4.4105,0.014,0.32%
9 Apr. 2015,4.3965,-0.0085,-0.19%
8 Apr. 2015,4.405,-0.0119,-0.27%
7 Apr. 2015,4.4169,-0.0023,-0.05%
6 Apr. 2015,4.4192,0.0035,0.08%
3 Apr. 2015,4.4157,-0.0002,0.00%
2 Apr. 2015,4.4159,0.0022,0.05%
1 Apr. 2015,4.4137,0.0039,0.09%
31 Mart. 2015,4.4098,0.0037,0.08%
30 Mart. 2015,4.4061,-0.0181,-0.41%
27 Mart. 2015,4.4242,0.0034,0.08%
26 Mart. 2015,4.4208,0.0131,0.30%
25 Mart. 2015,4.4077,0.0032,0.07%
24 Mart. 2015,4.4045,-0.0285,-0.64%
23 Mart. 2015,4.433,0.0024,0.05%
20 Mart. 2015,4.4306,0.0155,0.35%
19 Mart. 2015,4.4151,-0.0308,-0.69%
18 Mart. 2015,4.4459,0.007,0.16%
17 Mart. 2015,4.4389,0.0019,0.04%
16 Mart. 2015,4.437,-0.0102,-0.23%
13 Mart. 2015,4.4472,0.0112,0.25%
12 Mart. 2015,4.436,-0.0084,-0.19%
11 Mart. 2015,4.4444,0.0009,0.02%
10 Mart. 2015,4.4435,-0.0004,-0.01%
9 Mart. 2015,4.4439,0.0037,0.08%
6 Mart. 2015,4.4402,-0.0052,-0.12%
5 Mart. 2015,4.4454,-0.0088,-0.20%
4 Mart. 2015,4.4542,-0.0009,-0.02%
3 Mart. 2015,4.4551,0.0127,0.29%
2 Mart. 2015,4.4424,0.0043,0.10%
27 Feb. 2015,4.4381,0.0129,0.29%
26 Feb. 2015,4.4252,0.0036,0.08%
25 Feb. 2015,4.4216,-0.0262,-0.59%
24 Feb. 2015,4.4478,-0.0043,-0.10%
23 Feb. 2015,4.4521,0.0023,0.05%
20 Feb. 2015,4.4498,0.0064,0.14%
19 Feb. 2015,4.4434,-0.0069,-0.16%
18 Feb. 2015,4.4503,0.0023,0.05%
17 Feb. 2015,4.448,0.0073,0.16%
16 Feb. 2015,4.4407,-0.0001,0.00%
13 Feb. 2015,4.4408,0.0092,0.21%
12 Feb. 2015,4.4316,-0.0104,-0.23%
11 Feb. 2015,4.442,0.005,0.11%
10 Feb. 2015,4.437,0.0096,0.22%
9 Feb. 2015,4.4274,0.0131,0.30%
6 Feb. 2015,4.4143,0.0055,0.12%
5 Feb. 2015,4.4088,0.0007,0.02%
4 Feb. 2015,4.4081,0.0063,0.14%
3 Feb. 2015,4.4018,-0.0091,-0.21%
2 Feb. 2015,4.4109,-0.0315,-0.71%
30 Ian. 2015,4.4424,-0.0027,-0.06%
29 Ian. 2015,4.4451,-0.0134,-0.30%
28 Ian. 2015,4.4585,-0.0124,-0.28%
27 Ian. 2015,4.4709,-0.0091,-0.20%
26 Ian. 2015,4.48,-0.0135,-0.30%
23 Ian. 2015,4.4935,-0.007,-0.16%
22 Ian. 2015,4.5005,-0.0105,-0.23%
21 Ian. 2015,4.511,0.0073,0.16%
20 Ian. 2015,4.5037,0.0019,0.04%
19 Ian. 2015,4.5018,-0.0077,-0.17%
16 Ian. 2015,4.5095,0.0061,0.14%
15 Ian. 2015,4.5034,0.0099,0.22%
14 Ian. 2015,4.4935,0.0082,0.18%
13 Ian. 2015,4.4853,-0.0003,-0.01%
12 Ian. 2015,4.4856,-0.0031,-0.07%
9 Ian. 2015,4.4887,0.0005,0.01%
8 Ian. 2015,4.4882,-0.0078,-0.17%
7 Ian. 2015,4.496,-0.0022,-0.05%
6 Ian. 2015,4.4982,0.0009,0.02%
5 Ian. 2015,4.4973,,
